ProdId,TimeId,RegionId,MerchantId,Price_USD,Price_Original
555,20170127,4,32,38.0473720793,35.5800000000
555,20170128,4,32,38.0194376247,35.5400000000
555,20170129,4,32,38.0689478077,35.5800000000
555,20170129,10,68,38.8875987724,30.9800000000
555,20170130,4,32,37.5303310494,35.1100000000
555,20170131,4,32,38.2212342588,35.4200000000
555,20170201,4,32,38.0995406972,35.4200000000
555,20170202,4,32,38.2085812715,35.3800000000
555,20170203,4,32,38.1281186784,35.3400000000
555,20170204,4,32,38.1192764457,35.3400000000
555,20170205,4,32,38.1194820324,35.3400000000
555,20170206,4,32,37.9817498658,35.3800000000
555,20170207,4,32,36.7004842796,34.3300000000
555,20170208,4,32,36.7135486909,34.3000000000
555,20170208,10,68,39.2980256973,31.3500000000
555,20170209,4,32,37.0769034018,34.7900000000
555,20170210,4,32,36.9246817388,34.6900000000
555,20170210,10,68,38.0952380952,30.4800000000
555,20170211,4,32,36.9148585232,34.6900000000
555,20170212,4,32,36.9154477687,34.6900000000
555,20170213,4,32,36.6355877060,34.5700000000
555,20170214,4,32,36.2917296731,34.3200000000
555,20170215,4,32,37.1524906165,35.0400000000
555,20170216,4,32,37.3598605402,35.0400000000
555,20170217,4,32,36.9943547231,34.8300000000
555,20170218,4,32,36.9774663588,34.8300000000
555,20170219,4,32,36.9704013884,34.8300000000
555,20170220,4,32,37.0783414054,34.9100000000
555,20170221,4,32,36.2619976796,34.3800000000
555,20170222,4,32,36.9683234069,35.0700000000
555,20170223,4,32,37.0852516272,35.0400000000
555,20170224,4,32,36.9649393792,34.9400000000
555,20170225,4,32,36.9053969126,34.9400000000
555,20170226,4,32,36.9053969126,34.9400000000
555,20170227,4,32,37.1182149242,34.9200000000
555,20170228,4,32,36.7347588983,34.5900000000
555,20170301,4,32,36.7820707217,34.8100000000
555,20170302,4,32,36.4295852389,34.6500000000
555,20170303,4,32,36.5574376022,34.6400000000
555,20170304,4,32,36.7771645890,34.6200000000
555,20170305,4,32,36.5129447260,34.3700000000
555,20170306,4,32,36.3303490169,34.3300000000
555,20170307,4,32,36.3645982119,34.3700000000
555,20170308,4,32,36.2560391569,34.3700000000
555,20170309,4,32,36.4608138858,34.4500000000
555,20170309,10,68,38.1275539988,31.3500000000
555,20170310,4,32,36.7709845444,34.4500000000
555,20170311,4,32,36.5509327213,34.2400000000
555,20170312,4,32,36.7666677339,34.4500000000
555,20170313,4,32,36.7146666667,34.4200000000
555,20170314,4,32,36.6918797008,34.4900000000
555,20170315,4,32,36.7978723404,34.5900000000
555,20170316,4,32,36.9014386944,34.3700000000
555,20170317,4,32,36.9077038788,34.3500000000
555,20170318,4,32,36.8866982378,34.3500000000
555,20170319,4,32,36.9073073245,34.3500000000
555,20170320,4,32,36.9079770412,34.3700000000
555,20170321,4,32,37.0406419657,34.2500000000
555,20170322,4,32,36.6131733939,33.8800000000
555,20170323,4,32,36.5472158098,33.8800000000
555,20170324,4,32,36.7508806812,34.0100000000
555,20170325,4,32,36.7494907910,34.0100000000
555,20170326,4,32,36.7494907910,34.0100000000
555,20170326,10,68,38.9468628564,31.2200000000
555,20170327,4,32,38.0912015302,35.0500000000
555,20170328,4,32,38.9901792876,35.9700000000
555,20170329,4,32,38.6882354207,35.9700000000
555,20170330,4,32,38.4658655623,35.9000000000
555,20170331,4,32,38.3985966864,35.9000000000
555,20170402,4,32,38.2855741236,35.9000000000
555,20170403,4,32,38.2859824247,35.9000000000
555,20170404,4,32,38.2772058706,35.9000000000
555,20170405,4,32,38.2199510274,35.9000000000
555,20170406,4,32,36.0433286824,33.8400000000
555,20170407,4,32,35.8729182789,33.8400000000
555,20170408,4,32,35.8385359577,33.8400000000
555,20170409,4,32,35.8385359577,33.8400000000
555,20170410,4,32,35.8816668434,33.8400000000
555,20170411,4,32,35.9026046364,33.8400000000
555,20170412,4,32,38.1492774758,35.9700000000
555,20170413,4,32,38.2321992283,35.9700000000
555,20170414,4,32,38.2029631990,35.9700000000
555,20170415,4,32,38.1723539618,35.9700000000
555,20170416,4,32,38.1768105329,35.9700000000
555,20170417,4,32,38.3148700469,35.9700000000
555,20170418,4,32,38.5027081416,35.9700000000
555,20170419,4,32,37.9799710812,35.4600000000
555,20170420,4,32,37.8234582830,35.1900000000
555,20170421,4,32,37.4758827836,35.0600000000
555,20170422,4,32,37.6047107784,35.0600000000
555,20170423,4,32,37.6071309814,35.0600000000
555,20170424,4,32,38.0099899580,35.0500000000
555,20170425,4,32,37.5511812748,34.3000000000
555,20170426,4,32,36.1827079935,33.2700000000
555,20170427,4,32,35.9329628381,33.0400000000
555,20170428,4,32,36.0453646228,33.0700000000
555,20170429,4,32,36.0331893241,33.0700000000
555,20170429,10,68,40.3765717468,31.1800000000
555,20170430,4,32,36.0314226256,33.0700000000
555,20170430,10,68,40.3455600456,31.1500000000
555,20170501,4,32,36.0685597116,33.0700000000
555,20170502,4,32,37.4361883154,34.3200000000
555,20170502,10,68,40.2348973778,31.1400000000
555,20170504,4,32,37.5965420397,34.2700000000
555,20170504,10,68,40.2322232339,31.1500000000
555,20170505,4,32,37.6603752850,34.2700000000
555,20170506,4,32,37.6071760520,34.1900000000
555,20170507,4,32,37.6071760520,34.1900000000
555,20170507,10,68,40.3580167585,31.0900000000
555,20170508,4,32,37.0107150667,33.8500000000
555,20170508,10,68,40.1567978059,31.0400000000
555,20170509,4,32,37.1462135880,34.1500000000
555,20170509,10,68,40.2199223803,31.0900000000
555,20170510,4,32,36.2549584307,33.3600000000
555,20170510,10,68,38.8039230909,29.9900000000
555,20170511,4,32,36.2451108214,33.3600000000
555,20170512,4,32,37.0099457406,33.9000000000
555,20170513,4,32,37.0580904698,33.9000000000
555,20170514,4,32,37.0645732654,33.9000000000
555,20170515,4,32,37.2001764539,33.9000000000
555,20170515,10,68,38.7075949776,29.9800000000
555,20170516,4,32,35.6632590903,32.2000000000
555,20170517,4,32,35.6053352335,31.9800000000
555,20170518,4,32,34.6968062029,31.1900000000
555,20170520,4,32,35.2025463287,31.4100000000
555,20170521,4,32,35.2027435949,31.4100000000
555,20170522,4,32,34.4513838965,30.6700000000
555,20170523,4,32,34.1041368195,30.4700000000
555,20170524,4,32,34.3840822714,30.7600000000
555,20170525,4,32,34.3257128755,30.6000000000
555,20170526,4,32,34.2426714648,30.6400000000
555,20170527,4,32,34.2552311082,30.6300000000
555,20170528,4,32,34.3111488867,30.6800000000
555,20170529,4,32,34.3979519971,30.7700000000
555,20170530,4,32,34.5131952359,30.8900000000
555,20170531,4,32,34.1077607514,30.3600000000
555,20170601,4,32,33.7932503166,30.1500000000
555,20170602,4,32,28.4075543135,25.2100000000
555,20170603,4,32,26.9925635036,23.9200000000
555,20170603,10,68,38.6601094446,29.9900000000
555,20170604,4,32,26.9925635036,23.9200000000
555,20170605,4,32,26.0513374520,23.1500000000
555,20170606,4,32,26.9051725110,23.8700000000
555,20170607,4,32,35.9197829049,31.9000000000
555,20170608,4,32,24.7183453842,22.0500000000
555,20170609,4,32,37.7288761969,33.6900000000
555,20170610,4,32,37.7197942150,33.6900000000
555,20170611,4,32,37.7107166044,33.6900000000
555,20170612,4,32,37.9110294776,33.8500000000
555,20170613,4,32,37.7451474525,33.7000000000
555,20170614,4,32,37.8816901408,33.6200000000
555,20170615,4,32,37.4792370378,33.6200000000
555,20170615,10,68,39.9831649832,31.3500000000
555,20170616,4,32,37.6180459204,33.6200000000
555,20170617,4,32,37.6058433351,33.6200000000
555,20170618,4,32,37.6058433351,33.6200000000
555,20170619,4,32,37.6657499400,33.7600000000
555,20170620,4,32,37.6543896740,33.8400000000
555,20170621,4,32,37.7730717789,33.8900000000
555,20170622,4,32,37.1849208120,33.3400000000
555,20170623,4,32,38.0653828930,34.0000000000
555,20170624,4,32,35.6521203777,31.8500000000
555,20170625,4,32,35.6511227025,31.8500000000
555,20170626,4,32,35.6375598621,31.8500000000
555,20170627,4,32,36.0788305483,31.9000000000
555,20170628,4,32,38.1440072829,33.5200000000
555,20170629,4,32,36.4068652946,31.8500000000
555,20170630,4,32,36.3437191549,31.8500000000
555,20170701,4,32,38.3734151540,33.5800000000
555,20170702,4,32,38.3734151540,33.5800000000
555,20170703,4,32,36.1679053843,31.8500000000
555,20170704,4,32,36.1397934869,31.8500000000
555,20170705,4,32,38.7090190654,34.1400000000
555,20170706,4,32,39.0829656940,34.2400000000
555,20170707,4,32,39.1083122276,34.2800000000
555,20170708,4,32,39.0842340493,34.2800000000
555,20170709,4,32,39.0844568594,34.2800000000
555,20170710,4,32,38.8597345914,34.1000000000
555,20170711,4,32,39.0079240209,34.0900000000
555,20170712,4,32,39.0569699737,34.2100000000
555,20170713,4,32,38.7328956285,34.0100000000
555,20170714,4,32,39.0481372240,34.0900000000
555,20170715,4,32,39.1000900369,34.0900000000
555,20170716,4,32,39.1000900369,34.0900000000
555,20170717,4,32,39.2163611852,34.1800000000
555,20170718,4,32,39.3918372066,34.0700000000
555,20170719,4,32,38.8658184688,33.7400000000
555,20170720,4,32,41.6166382785,35.7700000000
555,20170721,4,32,40.2719024419,34.5100000000
555,20170722,4,32,40.2206362534,34.4900000000
555,20170723,4,32,39.5209441179,33.8900000000
555,20170724,4,32,39.0897294907,33.5900000000
555,20170725,4,32,39.2380796998,33.6700000000
555,20170726,4,32,39.1137776072,33.6400000000
555,20170727,4,32,39.3209264337,33.7000000000
555,20170728,4,32,39.4480328831,33.5900000000
555,20170729,4,32,39.4832733855,33.5900000000
555,20170730,4,32,39.5067823307,33.6100000000
555,20170731,4,32,39.4433061521,33.4000000000
555,20170801,4,32,39.1754159216,33.1900000000
555,20170802,4,32,39.4353494057,33.2300000000
555,20170802,10,68,36.9291859696,27.9000000000
555,20170803,4,32,39.2166172107,33.0400000000
555,20170804,4,32,38.8260524692,33.0400000000
555,20170805,4,32,38.8989615955,33.0400000000
555,20170806,4,32,38.9030837523,33.0400000000
555,20170807,4,32,39.3432959000,33.3700000000
555,20170808,4,32,38.9946736981,33.2600000000
555,20170809,4,32,39.1795669454,33.3500000000
555,20170810,4,32,38.7420638698,32.9700000000
555,20170811,4,32,39.0722410991,33.0600000000
555,20170812,4,32,39.0752428906,33.0600000000
555,20170813,4,32,39.0752428906,33.0600000000
555,20170814,4,32,38.9860789274,33.0600000000
555,20170815,4,32,38.7962142593,33.0600000000
555,20170816,4,32,39.0150341206,33.3600000000
555,20170817,4,32,39.2122312088,33.3800000000
555,20170818,4,32,38.7722132472,33.0000000000
555,20170819,4,32,38.8093754043,33.0000000000
555,20170820,4,32,38.8130270633,33.0000000000
555,20170821,4,32,39.0738146329,33.0500000000
555,20170823,4,32,38.8634821350,32.9300000000
555,20170824,4,32,38.9674798668,33.0000000000
555,20170825,4,32,39.2592548584,33.0400000000
555,20170826,4,32,39.3910130310,33.0400000000
555,20170827,4,32,39.4020523890,33.0400000000
555,20170828,4,32,39.1748255936,32.7100000000
555,20170829,4,32,38.9355220544,32.4000000000
555,20170830,4,32,35.6125101882,29.9300000000
555,20170831,4,32,35.5463182898,29.9300000000
555,20170901,4,32,35.5342906498,29.9300000000
555,20170902,4,32,35.5007828439,29.9300000000
555,20170903,4,32,35.5043624221,29.9300000000
555,20170904,4,32,35.6298919675,29.9300000000
555,20170905,4,32,35.6351946660,29.9300000000
555,20170906,4,32,35.7070423879,29.9300000000
555,20170906,10,68,40.9410566319,31.3500000000
555,20170907,4,32,35.9019264448,29.9300000000
555,20170908,4,32,36.0239999519,29.9300000000
555,20170909,4,32,36.0198813378,29.9300000000
555,20170910,4,32,36.0283363527,29.9300000000
555,20170910,10,68,36.8251202756,27.9000000000
555,20170911,4,32,35.7087297313,29.8400000000
555,20170912,4,32,35.6933529503,29.8400000000
555,20170913,4,32,35.4659662218,29.8400000000
555,20170914,4,32,35.4581696978,29.8400000000
555,20170915,4,32,35.6392126887,29.8400000000
555,20170916,4,32,35.6485795522,29.8400000000
555,20170917,4,32,35.6453857502,29.8400000000
555,20170918,4,32,35.6030687364,29.8400000000
555,20170919,4,32,35.7127897027,29.8400000000
555,20170920,4,32,35.4405152801,29.5200000000
555,20170921,4,32,35.2477611940,29.5200000000
555,20170922,4,32,35.2500761244,29.5200000000
555,20170923,4,32,35.2694492733,29.5200000000
555,20170924,4,32,35.2778790251,29.5200000000
555,20170925,4,32,38.6018957346,32.5800000000
555,20170926,4,32,38.3987553995,32.5800000000
555,20170927,4,32,38.2786928596,32.5700000000
555,20170928,4,32,38.8216783835,32.9400000000
555,20170929,4,32,38.9393483354,32.9900000000
555,20170930,4,32,38.7352057111,32.9900000000
555,20171001,4,32,38.9858249479,32.9900000000
555,20171002,4,32,38.7513581770,32.9900000000
555,20171003,4,32,38.8568607747,33.0600000000
555,20171004,4,32,39.1386439701,33.2700000000
555,20171005,4,32,38.7287872668,33.0800000000
555,20171006,4,32,38.6899353409,33.0000000000
555,20171007,4,32,38.7205782273,33.0000000000
555,20171008,4,32,38.7205782273,33.0000000000
555,20171009,4,32,39.1002708117,33.2800000000
555,20171010,4,32,39.3436432402,33.3400000000
555,20171011,4,32,37.0010659718,31.2400000000
555,20171012,4,32,36.8664140218,31.1300000000
555,20171014,4,32,36.7964728341,31.1300000000
555,20171015,4,32,36.8003877458,31.1300000000
555,20171016,4,32,36.7627955313,31.1300000000
555,20171017,4,32,36.5746914414,31.1300000000
555,20171018,4,32,36.8263773053,31.2400000000
555,20171019,4,32,36.9590421882,31.2400000000
555,20171020,4,32,36.6627801529,31.1300000000
555,20171021,4,32,36.8163953166,31.2400000000
555,20171022,4,32,36.8053346529,31.2400000000
555,20171023,4,32,36.4110454668,31.0000000000
555,20171024,4,32,36.7553194618,31.2400000000
555,20171025,4,32,36.8883430947,31.2400000000
555,20171026,4,32,36.5036427691,31.2400000000
555,20171027,4,32,36.3461460452,31.3600000000
555,20171028,4,32,36.8212105031,31.7200000000
555,20171029,4,32,36.8284782129,31.7200000000
555,20171030,4,32,36.9094717245,31.7200000000
555,20171031,4,32,36.9649578725,31.7200000000
555,20171101,4,32,36.7220966120,31.5900000000
555,20171102,4,32,36.8355692372,31.5900000000
555,20171103,4,32,36.6558366210,31.5900000000
555,20171104,4,32,36.6675372160,31.5900000000
555,20171105,4,32,36.7060956055,31.5900000000
555,20171106,4,32,36.2489052831,31.2500000000
555,20171107,4,32,36.1683535587,31.2500000000
555,20171108,4,32,36.3590002144,31.3700000000
555,20171109,4,32,36.5398391408,31.3700000000
555,20171110,4,32,36.5611323811,31.3700000000
555,20171111,4,32,36.4525009332,31.2500000000
555,20171112,4,32,36.4525009332,31.2500000000
555,20171113,4,32,36.4206562480,31.2400000000
555,20171114,4,32,36.6145646432,31.1200000000
555,20171115,4,32,36.5594060866,31.0000000000
555,20171116,4,32,36.3347364083,30.8600000000
555,20171117,4,32,36.5505694815,31.0000000000
555,20171118,4,32,36.5535863785,31.0000000000
555,20171119,4,32,36.9081601359,31.2900000000
555,20171120,4,32,36.2334155219,30.8600000000
555,20171121,4,32,36.4052728928,31.0000000000
555,20171122,4,32,37.5928773871,31.9000000000
555,20171123,4,32,37.7935217876,31.9000000000
555,20171124,4,32,38.0743225098,31.9000000000
555,20171125,4,32,38.0616025247,31.9000000000
555,20171126,4,32,38.0616025247,31.9000000000
555,20171127,4,32,35.4881557238,29.7900000000
555,20171128,4,32,35.3926577165,29.7900000000
555,20171129,4,32,35.3408032648,29.7900000000
555,20171130,4,32,35.4678747254,29.7900000000
555,20171201,4,32,35.5033817001,29.7900000000
555,20171202,4,32,35.4419235482,29.7900000000
555,20171203,4,32,35.4248544775,29.7900000000
555,20171204,4,32,35.3043653451,29.7900000000
555,20171205,4,32,35.2000756229,29.7900000000
555,20171206,4,32,35.1112918339,29.7900000000
555,20171207,4,32,35.1195704071,29.7900000000
555,20171208,4,32,35.0472649839,29.7900000000
555,20171209,4,32,35.0495329082,29.7900000000
555,20171211,4,32,38.8186848843,32.9000000000
555,20171212,4,32,38.5568713853,32.9000000000
555,20171212,10,68,41.4718303292,31.1300000000
555,20171213,4,32,38.6938189858,32.9000000000
555,20171213,10,68,41.7315311583,31.2300000000
555,20171214,4,32,38.7498748579,32.9000000000
555,20171214,10,68,40.1827711329,29.9000000000
555,20171215,4,32,39.2588623879,33.3400000000
555,20171216,4,32,39.1721447748,33.3400000000
555,20171217,4,32,39.1894115711,33.3400000000
555,20171218,4,32,39.3325739109,33.3200000000
555,20171219,4,32,39.3669622339,33.3200000000
555,20171220,4,32,39.5201967692,33.2600000000
555,20171221,4,32,39.3332106890,33.1400000000
555,20171222,4,32,36.7780705130,31.0600000000
555,20171223,4,32,37.5234966586,31.6400000000
555,20171224,4,32,39.1482498325,33.0100000000
555,20171225,4,32,39.2042755344,33.0100000000
555,20171226,4,32,39.1717099798,33.0100000000
555,20171227,4,32,40.4342007435,33.9900000000
555,20171227,10,68,41.9999196174,31.3500000000
555,20171228,4,32,40.5792251101,33.9500000000
555,20171228,10,68,46.3174033205,34.4400000000
555,20171229,4,32,40.8523833562,33.9900000000
555,20171230,4,32,40.8038318868,33.9900000000
555,20171231,4,32,40.7830244710,33.9900000000
555,20180101,4,32,40.7795994025,33.9900000000
555,20180102,4,32,40.9811853075,33.9900000000
555,20180102,10,68,42.6092924955,31.3500000000
555,20180103,4,32,40.8771940374,33.9900000000
555,20180104,4,32,41.0024427757,33.9900000000
555,20180105,4,32,40.9155747621,33.9900000000
555,20180106,4,32,40.8907174823,33.9900000000
555,20180107,4,32,40.8917013546,33.9900000000
555,20180108,4,32,40.7068305798,33.9900000000
555,20180109,4,32,40.4885812901,33.9600000000
555,20180110,4,32,40.6161794958,33.9600000000
555,20180111,4,32,38.1543868518,31.7000000000
555,20180112,4,32,38.0935044446,31.3900000000
555,20180113,4,32,38.1383322560,31.2700000000
555,20180114,4,32,38.1383322560,31.2700000000
555,20180115,4,32,38.3573675095,31.2700000000
555,20180116,4,32,41.8126563083,34.1900000000
555,20180117,4,32,41.5323542545,33.9500000000
555,20180118,4,32,39.1518526451,31.9900000000
555,20180119,4,32,37.9357380098,31.0100000000
555,20180120,4,32,37.9072183852,31.0100000000
555,20180121,4,32,37.9072183852,31.0100000000
555,20180122,4,32,37.8039455574,30.9000000000
555,20180123,4,32,37.9525286333,30.9000000000
555,20180124,4,32,38.2754968692,30.9000000000
555,20180125,4,32,38.9526860369,31.1900000000
555,20180126,4,32,38.4751607792,30.9600000000
555,20180127,4,32,38.3372685473,30.8500000000
555,20180128,4,32,38.3372685473,30.8500000000
555,20180129,4,32,38.1087674871,30.8500000000
555,20180130,4,32,38.2239788870,30.8500000000
555,20180131,4,32,37.8713963446,30.4700000000
555,20180201,4,32,39.3104326144,31.5000000000
555,20180202,4,32,39.2252087341,31.5000000000
555,20180203,4,32,37.1757404303,29.8300000000
555,20180204,4,32,37.2629781719,29.9000000000
555,20180205,4,32,37.4544845511,30.1900000000
555,20180205,10,68,62.4873028883,44.6000000000
555,20180206,4,32,37.3590065647,30.1900000000
555,20180207,4,32,37.3419781056,30.4100000000
555,20180208,4,32,37.2266170312,30.4000000000
555,20180209,4,32,37.4091217600,30.5900000000
555,20180210,4,32,37.4588246819,30.5900000000
555,20180211,4,32,37.4588246819,30.5900000000
555,20180212,4,32,37.5245338567,30.5900000000
555,20180213,4,32,37.8230071207,30.5900000000
555,20180214,4,32,37.7309377576,30.4400000000
555,20180215,4,32,38.0179223780,30.4400000000
555,20180215,10,68,43.8903234431,31.1900000000
555,20180216,4,32,37.3137578152,29.9900000000
555,20180217,4,32,37.2100525457,29.9900000000
555,20180218,4,32,37.2100525457,29.9900000000
555,20180219,4,32,37.2022055859,29.9900000000
555,20180220,4,32,37.0171508273,29.9900000000
555,20180221,4,32,36.9287222711,29.9900000000
555,20180222,4,32,37.6802480781,30.5600000000
555,20180223,4,32,37.5706909270,30.5600000000
555,20180224,4,32,37.5720766687,30.5600000000
555,20180225,4,32,37.5720766687,30.5600000000
555,20180226,4,32,37.5271456607,30.5000000000
555,20180227,4,32,37.3355857097,30.5000000000
555,20180227,10,68,69.6649520367,50.1100000000
555,20180228,4,32,37.2398551919,30.5000000000
555,20180301,4,32,37.3698195034,30.5900000000
555,20180302,4,32,37.6740376740,30.5900000000
555,20180303,4,32,37.4850638712,30.4300000000
555,20180304,4,32,37.5466561549,30.4800000000
555,20180305,4,32,37.6285384706,30.5000000000
555,20180306,4,32,37.8550462018,30.5000000000
555,20180307,4,32,37.5143344181,30.2600000000
555,20180308,4,32,37.2488075088,30.2600000000
555,20180309,4,32,37.0937251219,30.1000000000
555,20180310,4,32,37.0456978991,30.1000000000
555,20180311,4,32,37.0456978991,30.1000000000
555,20180312,4,32,37.0774129574,30.1000000000
555,20180313,4,32,37.3335648593,30.1000000000
555,20180313,10,68,56.8710433353,40.6500000000
555,20180314,4,32,37.0601733021,29.9600000000
555,20180315,4,32,36.8967789211,29.9600000000
556,20140513,4,32,56.6143906489,41.1500000000
556,20140514,4,32,58.4637512414,42.6800000000
556,20140515,4,32,50.5756578947,36.9000000000
556,20140516,4,32,50.6215892161,36.9000000000
556,20140517,4,32,50.5363841423,36.9000000000
556,20140518,4,32,50.5292563025,36.9000000000
556,20140519,4,32,50.5344462780,36.9000000000
556,20140520,4,32,50.1913029169,36.6000000000
556,20140521,4,32,50.1145377345,36.6000000000
556,20140522,4,32,50.0054650782,36.6000000000
556,20140523,4,32,49.9537313800,36.6000000000
556,20140524,4,32,50.3094919968,36.9000000000
556,20140525,4,32,50.2947490374,36.9000000000
556,20140526,4,32,50.3094919968,36.9000000000
556,20140527,4,32,50.4475738224,36.9700000000
556,20140528,4,32,50.3472695084,36.9700000000
556,20140529,4,32,50.2559013641,36.9700000000
556,20140530,4,32,50.2866625407,36.9700000000
556,20140531,4,32,50.4276185670,36.9700000000
556,20140601,4,32,50.3970282521,36.9700000000
556,20140602,4,32,50.3970282521,36.9700000000
556,20140603,4,32,50.2770199884,36.9700000000
556,20140604,4,32,50.3839785217,36.9700000000
556,20140605,4,32,45.7893770278,33.6600000000
556,20140606,4,32,45.9905177007,33.6600000000
556,20140607,4,32,46.2744499028,33.9300000000
556,20140608,4,32,46.2873279402,33.9300000000
556,20140609,4,32,46.2873279402,33.9300000000
556,20140610,4,32,46.0996039483,33.9300000000
556,20140611,4,32,45.8136181792,33.8400000000
556,20140612,4,32,45.8130772312,33.8500000000
556,20140613,4,32,45.7849625692,33.7600000000
556,20140614,4,32,45.6672919864,33.7400000000
556,20140615,4,32,45.6973414302,33.7500000000
556,20140616,4,32,45.5213220410,33.6200000000
556,20140617,4,32,45.5214615713,33.5500000000
556,20140618,4,32,45.8193871251,33.8400000000
556,20140619,4,32,45.9374414583,33.8400000000
556,20140620,4,32,46.0430714974,33.8400000000
556,20140621,4,32,45.2957884294,33.3300000000
556,20140622,4,32,45.3321364452,33.3300000000
556,20140623,4,32,45.3321364452,33.3300000000
556,20140624,4,32,45.3324447286,33.3300000000
556,20140625,4,32,45.3124150307,33.3300000000
556,20140626,4,32,45.4467980665,33.3300000000
556,20140627,4,32,45.3700867790,33.3300000000
556,20140628,4,32,45.4686214672,33.3300000000
556,20140629,4,32,45.4911488119,33.3300000000
556,20140630,4,32,45.4911488119,33.3300000000
556,20140701,4,32,45.6422159686,33.3300000000
556,20140702,4,32,45.6184773311,33.3300000000
556,20140703,4,32,45.5082298486,33.3300000000
556,20140704,4,32,45.3589727887,33.3300000000
556,20140705,4,32,45.3087191757,33.3300000000
556,20140706,4,32,45.3188842281,33.3300000000
556,20140707,4,32,45.3188842281,33.3300000000
556,20140708,4,32,45.3454581075,33.3300000000
556,20140709,4,32,45.3691604051,33.3300000000
556,20140710,4,32,45.4154636043,33.3300000000
556,20140711,4,32,45.3354661269,33.3300000000
556,20140712,4,32,45.3491599589,33.3300000000
556,20140713,4,32,45.3589727887,33.3300000000
556,20140714,4,32,45.3589727887,33.3300000000
556,20140715,4,32,45.3629855459,33.3300000000
556,20140716,4,32,45.2256601684,33.3300000000
556,20140717,4,32,45.0700187690,33.3300000000
556,20140718,4,32,45.0739805613,33.3300000000
556,20140719,4,32,45.0961794755,33.3300000000
556,20140720,4,32,45.0755654732,33.3300000000
556,20140721,4,32,45.0755654732,33.3300000000
556,20140722,4,32,45.0615489654,33.3300000000
556,20140723,4,32,44.8890098020,33.3300000000
556,20140724,4,32,44.8722091182,33.3300000000
556,20140725,4,32,44.8873170771,33.3300000000
556,20140726,4,32,44.7686015353,33.3300000000
556,20140727,4,32,44.7655950950,33.3300000000
556,20140728,4,32,45.4640082198,33.8500000000
556,20140729,4,32,45.4945601409,33.8500000000
556,20140730,4,32,45.3168964028,33.7900000000
556,20140731,4,32,45.1440689872,33.7400000000
556,20140801,4,32,45.1413764705,33.7100000000
556,20140802,4,32,44.9946626743,33.5100000000
556,20140803,4,32,44.9804914411,33.4900000000
556,20140804,4,32,45.0342155276,33.5300000000
556,20140805,4,32,45.1047702891,33.6100000000
556,20140806,4,32,44.7577083091,33.4900000000
556,20140807,4,32,44.6793563711,33.3900000000
556,20140808,4,32,44.4221843801,33.2600000000
556,20140809,4,32,45.9723870639,34.2800000000
556,20140810,4,32,45.9620581667,34.2700000000
556,20140811,4,32,46.0400587403,34.3300000000
556,20140812,4,32,45.9290970401,34.3100000000
556,20140813,4,32,45.7895285523,34.2600000000
556,20140814,4,32,45.9187765687,34.3500000000
556,20140815,4,32,46.0599742032,34.4600000000
556,20140816,4,32,45.8326078513,34.2200000000
556,20140817,4,32,45.8479594844,34.2200000000
556,20140818,4,32,45.9049341775,34.2600000000
556,20140819,4,32,45.9445698410,34.3800000000
556,20140820,4,32,45.8106555052,34.4000000000
556,20140821,4,32,45.6753290763,34.3700000000
556,20140822,4,32,45.6474850719,34.3700000000
556,20140823,4,32,45.4345673390,34.3200000000
556,20140825,4,32,45.5529873037,34.3900000000
556,20140826,4,32,45.3925265955,34.4000000000
556,20140827,4,32,45.3034541250,34.4000000000
556,20140828,4,32,45.4075059663,34.4000000000
556,20140829,4,32,45.3414315239,34.4000000000
556,20140830,4,32,45.2153248406,34.4000000000
556,20140831,4,32,45.1802283966,34.4000000000
556,20140901,4,32,45.1775583106,34.4000000000
556,20140902,4,32,45.1639161317,34.4000000000
556,20140903,4,32,45.1725156758,34.4000000000
556,20140904,4,32,45.2024913931,34.4000000000
556,20140905,4,32,44.8590237495,34.6300000000
556,20140906,4,32,44.8633242648,34.6300000000
556,20140908,4,32,44.8505413666,34.6300000000
556,20140909,4,32,44.7012900511,34.6300000000
556,20140910,4,32,44.7242670799,34.6300000000
556,20140911,4,32,45.4035078662,35.1800000000
556,20140912,4,32,45.4924950307,35.2000000000
556,20140913,4,32,45.4720346987,35.1000000000
556,20140914,4,32,45.4720346987,35.1000000000
556,20140915,4,32,45.4822124662,35.1200000000
556,20140916,4,32,45.6459899888,35.1900000000
556,20140917,4,32,45.6978751720,35.2300000000
556,20140918,4,32,45.6545854154,35.2300000000
556,20140919,4,32,45.4844748564,35.2300000000
556,20140920,4,32,45.2350992527,35.2300000000
556,20140921,4,32,45.2002771291,35.2300000000
556,20140922,4,32,45.2002771291,35.2300000000
556,20140923,4,32,45.2052070034,35.2300000000
556,20140924,4,32,45.2779459261,35.2300000000
556,20140926,4,32,44.9093018216,35.2300000000
556,20140927,4,32,44.6981951978,35.2300000000
556,20140928,4,32,44.6843053195,35.2300000000
556,20140929,4,32,44.6857222585,35.2300000000
556,20140930,4,32,45.5671338006,35.9100000000
556,20141001,4,32,45.3371882358,35.9100000000
556,20141002,4,32,45.3106103502,35.9300000000
556,20141003,4,32,45.0086237324,35.9600000000
556,20141004,4,32,44.8208791952,35.8100000000
556,20141005,4,32,44.8083628927,35.8000000000
556,20141006,4,32,45.0511636331,35.8200000000
556,20141007,4,32,45.3327474170,35.9000000000
556,20141008,4,32,45.3327474170,35.9000000000
556,20141009,4,32,45.5493366632,35.9300000000
556,20141010,4,32,45.1304154914,35.6000000000
556,20141011,4,32,45.3074024430,35.8300000000
556,20141012,4,32,45.2082991325,35.8000000000
556,20141013,4,32,45.2461831820,35.8300000000
556,20141014,4,32,45.3484275072,35.7800000000
556,20141015,4,32,45.1125915043,35.6200000000
556,20141016,4,32,45.6146192165,35.6200000000
556,20141017,4,32,45.6598762235,35.6200000000
556,20141018,4,32,45.2969459361,35.4700000000
556,20141019,4,32,45.2562008778,35.4700000000
556,20141020,4,32,45.2562008778,35.4700000000
556,20141021,4,32,45.3562002578,35.4700000000
556,20141022,4,32,45.1671643502,35.4700000000
556,20141023,4,32,44.9165302202,35.4700000000
556,20141024,4,32,44.8534265388,35.4700000000
556,20141025,4,32,44.9289901554,35.4700000000
556,20141026,4,32,44.9405459510,35.4700000000
556,20141027,4,32,44.9405459510,35.4700000000
556,20141028,4,32,45.1068537747,35.4700000000
556,20141029,4,32,45.1942127963,35.4700000000
556,20141030,4,32,45.2423469388,35.4700000000
556,20141031,4,32,44.7525801812,35.4700000000
556,20141101,4,32,44.4556408656,35.4700000000
556,20141102,4,32,44.4235706682,35.4700000000
556,20141103,4,32,44.4235706682,35.4700000000
556,20141104,4,32,44.2936492872,35.4700000000
556,20141105,4,32,44.5317139374,35.4700000000
556,20141106,4,32,44.2956406196,35.4700000000
556,20141107,4,32,44.0108296172,35.4700000000
556,20141108,4,32,44.0870305576,35.4700000000
556,20141109,4,32,44.1814841342,35.4700000000
556,20141110,4,32,44.1814841342,35.4700000000
556,20141111,4,32,44.0851127296,35.4700000000
556,20141112,4,32,44.1633858513,35.4700000000
556,20141113,4,32,44.2117176632,35.4700000000
556,20141114,4,32,44.2550749230,35.4700000000
556,20141115,4,32,44.2951427697,35.4700000000
556,20141116,4,32,44.4260744860,35.4700000000
556,20141117,4,32,44.4260744860,35.4700000000
556,20141118,4,32,44.1672353079,35.4700000000
556,20141119,4,32,44.4669544211,35.4700000000
556,20141120,4,32,44.4965752565,35.4700000000
556,20141121,4,32,44.4272430309,35.4700000000
556,20141122,4,32,43.9572696178,35.4700000000
556,20141123,4,32,44.0749162056,35.5700000000
556,20141124,4,32,44.0749162056,35.5700000000
556,20141125,4,32,44.2067408130,35.5500000000
556,20141126,4,32,44.5405685876,35.7100000000
556,20141127,4,32,44.5842348145,35.6500000000
556,20141128,4,32,44.4655155205,35.6400000000
556,20141129,4,32,44.3344238640,35.6400000000
556,20141130,4,32,44.2897698974,35.5700000000
556,20141201,4,32,44.2773184580,35.5600000000
556,20141202,4,32,44.4201965825,35.5800000000
556,20141203,4,32,44.1810344828,35.6700000000
556,20141204,4,32,43.9204580435,35.6700000000
556,20141205,4,32,44.3864229765,35.7000000000
556,20141206,4,32,43.9135996851,35.7000000000
556,20141207,4,32,43.8118522978,35.6600000000
556,20141208,4,32,43.7749943177,35.6300000000
556,20141209,4,32,43.8204872769,35.6300000000
556,20141210,4,32,44.2185735384,35.6300000000
556,20141211,4,32,44.0246259646,35.4400000000
556,20141212,4,32,43.9668412603,35.4400000000
556,20141213,4,32,44.1887548098,35.4400000000
556,20141214,4,32,44.0442436517,35.3400000000
556,20141215,4,32,44.0193176507,35.3200000000
556,20141216,4,32,43.8369072607,35.1700000000
556,20141217,4,32,43.9500291792,35.1700000000
556,20141218,4,32,43.6346943586,35.1700000000
556,20141219,4,32,44.7947868009,36.4600000000
556,20141220,4,32,44.5704925247,36.4600000000
556,20141221,4,32,44.4300407245,36.3300000000
556,20141222,4,32,44.4422702980,36.3400000000
556,20141223,4,32,44.5528176349,36.3600000000
556,20141224,4,32,44.2737569619,36.3600000000
556,20141225,4,32,44.3310294041,36.3600000000
556,20141226,4,32,44.3468715697,36.3600000000
556,20141227,4,32,44.2626542984,36.3600000000
556,20141228,4,32,44.3409226717,36.3600000000
556,20141229,4,32,44.3409226717,36.3600000000
556,20141230,4,32,44.2950076749,36.3600000000
556,20141231,4,32,44.1149618376,36.2400000000
556,20150104,4,32,44.4809851590,37.0600000000
556,20150105,4,32,43.2447354366,36.0300000000
556,20150106,4,32,42.9430596245,36.0300000000
556,20150107,4,32,44.2039060309,37.0400000000
556,20150108,4,32,43.8943980248,37.1200000000
556,20150109,4,32,42.9240804682,36.3500000000
556,20150110,4,32,43.0125594307,36.3500000000
556,20150111,4,32,43.0135542436,36.3200000000
556,20150112,4,32,44.0438899317,37.1900000000
556,20150113,4,32,42.8616033835,36.2400000000
556,20150114,4,32,43.6941456911,37.1000000000
556,20150115,4,32,42.9385597470,36.3900000000
556,20150116,4,32,41.6215582731,35.8700000000
556,20150117,4,32,41.3122245948,35.8700000000
556,20150118,4,32,41.5633363971,35.9500000000
556,20150119,4,32,42.5113735555,36.7700000000
556,20150120,4,32,41.5958483205,35.7800000000
556,20150121,4,32,41.3661826542,35.7700000000
556,20150122,4,32,41.4447378391,35.7700000000
556,20150123,4,32,42.4713024799,37.2100000000
556,20150124,4,32,41.5392278617,36.8600000000
556,20150125,4,32,42.1454865333,37.6100000000
556,20150126,4,32,41.2602184035,36.8200000000
556,20150127,4,32,42.2779308524,37.4700000000
556,20150128,4,32,41.5986430134,36.5900000000
556,20150129,4,32,41.5016355660,36.5900000000
556,20150130,4,32,42.3527549082,37.4500000000
556,20150131,4,32,41.8292859208,37.0400000000
556,20150201,4,32,42.5181297441,37.6700000000
556,20150202,4,32,42.4729817433,37.6300000000
556,20150203,4,32,41.9406235906,37.0100000000
556,20150204,4,32,43.2234893832,37.7300000000
556,20150205,4,32,42.4815920716,37.1900000000
556,20150206,4,32,43.7076318140,38.2600000000
556,20150207,4,32,42.3166373589,37.3000000000
556,20150208,4,32,43.3663511962,38.3300000000
556,20150209,4,32,43.2758396361,38.2500000000
556,20150210,4,32,41.8955530960,37.0200000000
556,20150211,4,32,41.7765976351,36.9100000000
556,20150212,4,32,41.7241301350,36.9100000000
556,20150213,4,32,42.4544348275,37.1900000000
556,20150214,4,32,42.2526854360,37.0300000000
556,20150215,4,32,42.1437188446,37.0300000000
556,20150216,4,32,42.1624329648,37.0300000000
556,20150217,4,32,42.2388287465,37.0900000000
556,20150218,4,32,42.1239204179,36.9800000000
556,20150219,4,32,41.9667398266,36.9800000000
556,20150220,4,32,42.3307907519,37.1600000000
556,20150221,4,32,42.2478251288,37.1900000000
556,20150222,4,32,42.3147379080,37.1900000000
556,20150223,4,32,42.2919819318,37.1700000000
556,20150224,4,32,42.1695358288,37.1700000000
556,20150225,4,32,42.2060926336,37.2500000000
556,20150226,4,32,42.3331159491,37.2600000000
556,20150227,4,32,44.5082555635,39.6800000000
556,20150228,4,32,41.8358971258,37.3600000000
556,20150301,4,32,41.8243288628,37.3600000000
556,20150302,4,32,41.8243288628,37.3600000000
556,20150303,4,32,41.7164757133,37.2700000000
556,20150304,4,32,44.1292621036,39.3900000000
556,20150305,4,32,43.8340572578,39.5900000000
556,20150306,4,32,43.6213901153,39.6200000000
556,20150307,4,32,40.7349890859,37.5100000000
556,20150308,4,32,40.6720484031,37.5100000000
556,20150309,4,32,42.9707618826,39.6300000000
556,20150310,4,32,43.1404980204,39.7500000000
556,20150311,4,32,42.1292184130,39.3200000000
556,20150312,4,32,41.9376771856,39.6600000000
556,20150313,4,32,42.0161835406,39.6600000000
556,20150314,4,32,41.4340516779,39.3800000000
556,20150315,4,32,41.2805038048,39.3300000000
556,20150316,4,32,41.2280241406,39.2800000000
556,20150317,4,32,41.6336325132,39.2800000000
556,20150318,4,32,41.6886112945,39.3400000000
556,20150319,4,32,41.8943087439,39.3300000000
556,20150320,4,32,41.8215613383,39.3300000000
556,20150321,4,32,42.7590241366,39.4700000000
556,20150322,4,32,42.6887991949,39.4500000000
556,20150323,4,32,42.5481263459,39.3200000000
556,20150324,4,32,43.1348750704,39.5200000000
556,20150325,4,32,43.1498989493,39.5200000000
556,20150326,4,32,43.5319563386,39.6900000000
556,20150327,4,32,43.3176826513,39.6900000000
556,20150328,4,32,43.2831035588,39.6900000000
556,20150328,10,68,50.0022342375,33.5700000000
556,20150329,4,32,43.2223462470,39.6900000000
556,20150330,4,32,43.0263265362,39.5100000000
556,20150331,4,32,42.7602955883,39.5100000000
556,20150401,4,32,42.6620885753,39.7600000000
556,20150402,4,32,42.9922057761,39.8800000000
556,20150403,4,32,43.3902730932,39.8800000000
556,20150404,4,32,43.8778925881,39.9800000000
556,20150405,4,32,43.6435865217,39.7700000000
556,20150406,4,32,43.6435865217,39.7700000000
556,20150407,4,32,43.4656048332,39.5700000000
556,20150408,4,32,43.2258218437,39.8600000000
556,20150409,4,32,43.4842777631,40.2200000000
556,20150410,4,32,42.7039738361,40.0600000000
556,20150411,4,32,42.4077433045,40.0500000000
556,20150412,4,32,42.4649836184,40.0500000000
556,20150412,10,68,48.5542027628,33.1800000000
556,20150413,4,32,42.4890859807,40.0500000000
556,20150413,10,68,48.5834699134,33.2000000000
556,20150414,4,32,42.4760167452,40.1900000000
556,20150415,4,32,42.7110129968,40.0300000000
556,20150416,4,32,42.6649969655,39.9300000000
556,20150416,10,68,49.8702069272,33.6200000000
556,20150417,4,32,43.0367786486,39.9000000000
556,20150418,4,32,43.0768300635,39.9000000000
556,20150419,4,32,43.0617614800,39.8500000000
556,20150420,4,32,43.0185376291,39.8100000000
556,20150420,10,68,49.8900145151,33.3400000000
556,20150421,4,32,43.1490660696,40.2000000000
556,20150422,4,32,43.1475219474,40.1300000000
556,20150422,10,68,49.2526158445,32.9500000000
556,20150423,4,32,43.0454118895,40.0900000000
556,20150424,4,32,43.3128887540,39.9700000000
556,20150425,4,32,42.9403968622,39.5600000000
556,20150426,4,32,43.0151955854,39.5600000000
556,20150427,4,32,43.0151955854,39.5600000000
556,20150428,4,32,43.0432303749,39.5600000000
556,20150429,4,32,44.1462316469,40.2000000000
556,20150430,4,32,44.5962117221,39.9500000000
556,20150430,10,68,50.5914186316,32.7200000000
556,20150501,4,32,44.3529970178,39.6200000000
556,20150502,4,32,43.9531166755,39.2700000000
556,20150503,4,32,43.9144552682,39.2200000000
556,20150504,4,32,43.9928339492,39.2900000000
556,20150504,10,68,50.1719479243,32.6800000000
556,20150505,4,32,44.9233493261,40.2900000000
556,20150506,4,32,45.1078827397,40.2900000000
556,20150507,4,32,45.4393910872,40.0700000000
556,20150507,10,68,49.2453117853,32.3000000000
556,20150508,4,32,45.0998043009,40.0300000000
556,20150509,4,32,44.9143661953,39.9900000000
556,20150510,4,32,44.7166304664,39.9400000000
556,20150511,4,32,44.4591235809,39.7100000000
556,20150512,4,32,44.3370104060,39.7100000000
556,20150512,10,68,50.7176287051,32.5100000000
556,20150513,4,32,44.5633498711,39.7100000000
556,20150514,4,32,44.3513893323,39.0400000000
556,20150514,10,68,50.7815574480,32.2600000000
556,20150515,4,32,43.9626721293,38.6300000000
556,20150516,4,32,44.2460666985,38.6800000000
556,20150517,4,32,44.2823860742,38.6800000000
556,20150517,10,68,50.1344572174,31.8800000000
556,20150518,4,32,44.1221085651,38.5400000000
556,20150519,4,32,43.6953029250,38.5400000000
556,20150519,10,68,49.8912005510,31.8700000000
556,20150520,4,32,42.8129309980,38.4300000000
556,20150521,4,32,42.1789534021,37.9700000000
556,20150522,4,32,42.0823705920,37.8100000000
556,20150523,4,32,41.4567122096,37.6400000000
556,20150524,4,32,41.4457565998,37.6400000000
556,20150525,4,32,41.2916012883,37.5000000000
556,20150526,4,32,43.7682870884,39.8800000000
556,20150527,4,32,42.0407945775,38.6600000000
556,20150528,4,32,43.2281995624,39.6700000000
556,20150529,4,32,42.3351597275,38.7100000000
556,20150530,4,32,42.7821003121,38.9300000000
556,20150531,4,32,42.7886834759,38.9300000000
556,20150601,4,32,42.7776922908,38.9200000000
556,20150602,4,32,42.4394775671,38.8300000000
556,20150602,10,68,49.1001847529,32.2900000000
556,20150603,4,32,43.3489675704,38.7900000000
556,20150604,4,32,43.6332958380,38.7900000000
556,20150605,4,32,43.6065802408,38.7700000000
556,20150606,4,32,42.9975976510,38.6600000000
556,20150607,4,32,42.9667746578,38.6600000000
556,20150608,4,32,43.1112568282,38.7900000000
556,20150609,4,32,43.6661068159,38.7900000000
556,20150610,4,32,43.1393247934,38.2500000000
556,20150611,4,32,43.2722167480,38.2500000000
556,20150612,4,32,43.3730770052,38.6000000000
556,20150613,4,32,43.3684400442,38.4600000000
556,20150614,4,32,43.2873133488,38.4400000000
556,20150614,10,68,49.6472107478,31.9100000000
556,20150615,4,32,43.2985743564,38.4500000000
556,20150616,4,32,43.2091530375,38.3400000000
556,20150617,4,32,43.1227283864,38.3700000000
556,20150618,4,32,43.4285971517,38.5900000000
556,20150619,4,32,43.6402317478,38.4000000000
556,20150620,4,32,43.4859638802,38.2900000000
556,20150621,4,32,43.2891584052,38.1200000000
556,20150621,10,68,50.0492391753,31.5100000000
556,20150622,4,32,43.2778023825,38.1100000000
556,20150622,10,68,50.0015883605,31.4800000000
556,20150623,4,32,43.2223381572,38.1100000000
556,20150624,4,32,43.8814474958,39.2900000000
556,20150625,4,32,43.9998116216,39.2400000000
556,20150626,4,32,43.1318979940,38.4900000000
556,20150627,4,32,43.0614542577,38.6300000000
556,20150628,4,32,43.1044109436,38.6000000000
556,20150629,4,32,42.9369067560,38.4500000000
556,20150630,4,32,43.2793232892,38.4500000000
556,20150701,4,32,42.8355937604,38.4500000000
556,20150702,4,32,42.4433940553,38.3600000000
556,20150703,4,32,42.4849423965,38.3300000000
556,20150704,4,32,42.4957781609,38.3000000000
556,20150705,4,32,43.2112829461,38.8800000000
556,20150706,4,32,42.4221880158,38.1700000000
556,20150706,10,68,50.3705779771,32.3500000000
556,20150707,4,32,42.1967544023,38.1300000000
556,20150707,10,68,50.4684572142,32.3200000000
556,20150708,4,32,41.7999980268,38.1300000000
556,20150708,10,68,48.8343368844,31.6300000000
556,20150709,4,32,42.0221923142,38.0300000000
556,20150709,10,68,48.4964713102,31.6100000000
556,20150710,4,32,41.7525518197,37.9800000000
556,20150711,4,32,42.6298261861,38.3000000000
556,20150712,4,32,42.7165398264,38.2800000000
556,20150713,4,32,42.6719039436,38.2400000000
556,20150714,4,32,42.4953198987,38.5900000000
556,20150715,4,32,42.4837176941,38.5900000000
556,20150716,4,32,42.3089638080,38.6500000000
556,20150717,4,32,42.1782520836,38.7600000000
556,20150718,4,32,42.0392735319,38.7600000000
556,20150719,4,32,42.0093895697,38.7900000000
556,20150720,4,32,41.9660697557,38.7500000000
556,20150720,10,68,48.2412687516,30.9200000000
556,20150721,4,32,42.0133445224,38.7500000000
556,20150721,10,68,49.7118828843,31.9200000000
556,20150722,4,32,42.1651647837,38.5000000000
556,20150723,4,32,42.0027339961,38.5000000000
556,20150723,10,68,49.7091980728,31.8800000000
556,20150724,4,32,43.5751445437,39.5600000000
556,20150725,4,32,43.1013661574,39.2600000000
556,20150726,4,32,43.0839126689,39.2600000000
556,20150727,4,32,42.9961206920,39.1800000000
556,20150728,4,32,43.5211474121,39.1800000000
556,20150729,4,32,43.5073035646,39.3400000000
556,20150730,4,32,43.3565599304,39.2500000000
556,20150731,4,32,42.6458777107,39.0800000000
556,20150801,4,32,43.2258738989,39.2800000000
556,20150802,4,32,43.0900024165,39.2300000000
556,20150803,4,32,42.9032754113,39.0600000000
556,20150804,4,32,40.0439990972,36.5500000000
556,20150805,4,32,39.9105915394,36.5500000000
556,20150806,4,32,43.9972391324,40.3500000000
556,20150807,4,32,43.9040643213,40.1900000000
556,20150808,4,32,44.1057044402,40.1900000000
556,20150809,4,32,44.0844174363,40.1900000000
556,20150810,4,32,43.9198824123,40.0400000000
556,20150811,4,32,43.9857164900,39.9100000000
556,20150811,10,68,50.3481020060,32.2900000000
556,20150812,4,32,44.0347334856,39.9100000000
556,20150813,4,32,44.5852543571,39.9100000000
556,20150814,4,32,44.4342484487,39.9000000000
556,20150815,4,32,44.3546235526,39.9000000000
556,20150816,4,32,44.3168376216,39.9000000000
556,20150817,4,32,44.3168376216,39.9000000000
556,20150817,10,68,49.1486582667,31.4200000000
556,20150818,4,32,44.2012207956,39.9000000000
556,20150819,4,32,43.9865240283,39.9000000000
556,20150820,4,32,44.9993112917,40.5100000000
556,20150821,4,32,45.3282578217,40.5100000000
556,20150822,4,32,45.2622346638,39.8400000000
556,20150823,4,32,45.3468774199,39.8200000000
556,20150824,4,32,45.2443857332,39.7300000000
556,20150824,10,68,48.9967591830,31.2200000000
556,20150825,4,32,45.6887524532,39.5300000000
556,20150826,4,32,45.3153718846,39.6200000000
556,20150827,4,32,44.8623667598,39.4700000000
556,20150828,4,32,44.3796795713,39.4700000000
556,20150829,4,32,44.2253284406,39.4700000000
556,20150830,4,32,44.1316233773,39.4700000000
556,20150831,4,32,44.1316233773,39.4700000000
556,20150901,4,32,44.3139588409,39.4700000000
556,20150901,10,68,48.5592602540,31.6400000000
556,20150902,4,32,44.6462909757,39.4700000000
556,20150903,4,32,44.3741413542,39.4700000000
556,20150904,4,32,43.9397734547,39.4700000000
556,20150905,4,32,44.0378723471,39.4700000000
556,20150906,4,32,44.3094415338,39.7500000000
556,20150907,4,32,44.3094415338,39.7500000000
556,20150907,10,68,48.6165887992,32.0500000000
556,20150908,4,32,44.4027412409,39.7500000000
556,20150909,4,32,44.7108386049,39.9900000000
556,20150910,4,32,44.4143733755,39.7800000000
556,20150910,10,68,48.6021505376,31.6400000000
556,20150911,4,32,44.8917317059,39.7800000000
556,20150912,4,32,45.1263947436,39.7800000000
556,20150913,4,32,45.0953941029,39.7800000000
556,20150914,4,32,45.0953941029,39.7800000000
556,20150915,4,32,45.0011199374,39.7800000000
556,20150916,4,32,44.8260707887,39.7800000000
556,20150917,4,32,44.9613454496,39.7800000000
556,20150918,4,32,45.0588211308,39.7800000000
556,20150919,4,32,44.6745505000,39.3300000000
556,20150920,4,32,44.4469557847,39.3300000000
556,20150921,4,32,45.0346094081,39.8500000000
556,20150921,10,68,48.4925676830,31.2200000000
556,20150922,4,32,44.6116713536,39.8500000000
556,20150922,10,68,47.9789171802,30.9500000000
556,20150923,4,32,44.3331449499,39.8500000000
556,20150924,4,32,44.6158669025,39.8500000000
556,20150924,10,68,47.6241324079,31.2200000000
556,20150925,4,32,44.7822246596,39.8500000000
556,20150926,4,32,44.5246421828,39.8500000000
556,20150927,4,32,44.6106225897,39.8500000000
556,20150928,4,32,44.6106225897,39.8500000000
556,20150928,10,68,48.6586606343,32.0500000000
556,20150929,4,32,44.7854456854,39.8500000000
556,20150930,4,32,44.8153125545,39.8500000000
556,20151001,4,32,44.5226026226,39.8500000000
556,20151002,4,32,44.6060785157,39.8500000000
556,20151003,4,32,44.7166970015,39.8500000000
556,20151004,4,32,44.6751383136,39.8500000000
556,20151005,4,32,44.6751383136,39.8500000000
556,20151006,4,32,44.5383767690,39.8500000000
556,20151007,4,32,44.8866401139,39.8500000000
556,20151008,4,32,44.7682889976,39.8500000000
556,20151009,4,32,44.9567749352,39.8500000000
556,20151010,4,32,45.3580554654,39.8500000000
556,20151011,4,32,45.2655731746,39.8500000000
556,20151011,10,68,45.9252795701,30.0000000000
556,20151012,4,32,45.2655731746,39.8500000000
556,20151013,4,32,44.9806835608,39.5400000000
556,20151013,10,68,48.9131269683,31.8400000000
556,20151014,4,32,45.0182737302,39.5400000000
556,20151015,4,32,45.2218547136,39.5400000000
556,20151016,4,32,45.2242320613,39.6200000000
556,20151017,4,32,45.1065845139,39.6200000000
556,20151018,4,32,44.9662639527,39.6200000000
556,20151019,4,32,44.9662639527,39.6200000000
556,20151019,10,68,48.8380887699,31.6400000000
556,20151020,4,32,44.8538118948,39.6200000000
556,20151021,4,32,44.9785664983,39.6200000000
556,20151022,4,32,44.9310780850,39.6200000000
556,20151023,4,32,44.0911023221,39.6200000000
556,20151024,4,32,43.6433975316,39.6200000000
556,20151025,4,32,43.6571995262,39.6200000000
556,20151026,4,32,43.6571995262,39.6200000000
556,20151026,10,68,48.7614380336,31.8400000000
556,20151027,4,32,43.7840370606,39.6200000000
556,20151028,4,32,43.7107587821,39.6200000000
556,20151029,4,32,43.8692647192,39.6200000000
556,20151030,4,32,43.4393625093,39.6200000000
556,20151031,4,32,43.6751022154,39.6200000000
556,20151101,4,32,43.6057869568,39.6200000000
556,20151102,4,32,44.0350211040,40.0100000000
556,20151102,10,68,48.8079536602,31.6400000000
556,20151103,4,32,43.7771884459,39.7000000000
556,20151104,4,32,43.4337853583,39.7000000000
556,20151105,4,32,43.2117593297,39.8100000000
556,20151106,4,32,43.1657805178,39.7000000000
556,20151107,4,32,42.5148877298,39.5800000000
556,20151108,4,32,42.5042955326,39.5800000000
556,20151109,4,32,42.5042955326,39.5800000000
556,20151109,10,68,48.8806952858,32.4800000000
556,20151110,4,32,42.6236711064,39.5800000000
556,20151111,4,32,42.3090161604,39.5800000000
556,20151112,4,32,42.5029718791,39.5800000000
556,20151113,4,32,42.5288965970,39.4800000000
556,20151114,4,32,42.3502001122,39.4800000000
556,20151115,4,32,42.5231707120,39.4800000000
556,20151115,10,68,49.9996191376,32.8200000000
556,20151116,4,32,41.9307759832,38.9300000000
556,20151117,4,32,41.6941110950,38.9300000000
556,20151117,10,68,50.5850174745,33.2900000000
556,20151118,4,32,41.3934591950,38.9000000000
556,20151119,4,32,41.3604504780,38.9000000000
556,20151119,10,68,48.7082066869,32.0500000000
556,20151120,4,32,41.7883254806,38.9000000000
556,20151121,4,32,41.4479726720,38.9000000000
556,20151122,4,32,41.4204333706,38.9000000000
556,20151123,4,32,41.6333918969,39.1000000000
556,20151124,4,32,41.4597215094,39.1000000000
556,20151125,4,32,41.3819836091,38.8600000000
556,20151126,4,32,41.2634735435,38.8600000000
556,20151127,4,32,41.2207100654,38.8600000000
556,20151128,4,32,41.3954986103,39.0800000000
556,20151129,4,32,41.8615243654,39.5200000000
556,20151130,4,32,41.8297468924,39.4900000000
556,20151201,4,32,41.7211644315,39.4900000000
556,20151202,4,32,41.9265621599,39.4900000000
556,20151202,10,68,48.2519590115,32.0200000000
556,20151203,4,32,41.7936024372,39.5100000000
556,20151204,4,32,42.4017558187,38.8900000000
556,20151205,4,32,42.4386495388,38.9900000000
556,20151206,4,32,42.4932414423,39.0600000000
556,20151206,10,68,48.6894498636,32.2200000000
556,20151207,4,32,42.4062097138,38.9800000000
556,20151208,4,32,42.2757314743,38.9800000000
556,20151209,4,32,42.0536355134,38.6700000000
556,20151210,4,32,42.4562880477,38.6300000000
556,20151211,4,32,42.2804982160,38.6300000000
556,20151212,4,32,42.4543750096,38.6300000000
556,20151213,4,32,42.4727192765,38.6300000000
556,20151214,4,32,42.4727192765,38.6300000000
556,20151214,10,68,48.7266695580,32.0200000000
556,20151215,4,32,42.6223973361,38.6300000000
556,20151216,4,32,42.8282828283,39.2200000000
556,20151217,4,32,42.9008031048,39.2200000000
556,20151217,10,68,48.7050521733,32.4400000000
556,20151218,4,32,42.3850621295,39.2200000000
556,20151219,4,32,42.5360233048,39.2200000000
556,20151220,4,32,42.6237169142,39.2200000000
556,20151221,4,32,42.6237169142,39.2200000000
556,20151221,10,68,48.3700427408,32.4800000000
556,20151222,4,32,42.8772117787,39.2200000000
556,20151223,4,32,43.0282590999,39.2200000000
556,20151224,4,32,38.0617039196,34.9800000000
556,20151225,4,32,38.3398347376,34.9800000000
556,20151226,4,32,38.3523194492,34.9800000000
556,20151227,4,32,38.3975762765,34.9800000000
556,20151228,4,32,38.3975762765,34.9800000000
556,20151228,10,68,48.7917661098,32.7100000000
556,20151229,4,32,38.4203502644,34.9800000000
556,20151230,4,32,38.1911083937,34.9800000000
556,20151231,4,32,38.1876895465,34.9800000000
556,20160101,4,32,37.9827242669,34.9800000000
556,20160102,4,32,37.9988159317,34.9800000000
556,20160103,4,32,37.9917999403,34.9800000000
556,20160104,4,32,37.9917999403,34.9800000000
556,20160104,10,68,48.5388222111,32.9200000000
556,20160105,4,32,37.7609015982,34.9800000000
556,20160106,4,32,37.5720184058,34.9800000000
556,20160107,4,32,37.6454483231,34.9800000000
556,20160108,4,32,37.9708087196,34.9800000000
556,20160109,4,32,40.1118467795,36.8100000000
556,20160110,4,32,40.2150044246,36.8100000000
556,20160110,10,68,47.7438559553,32.8800000000
556,20160111,4,32,40.2150044246,36.8100000000
556,20160112,4,32,39.4980147538,36.2700000000
556,20160112,10,68,48.1670061100,33.1100000000
556,20160113,4,32,39.4231373407,36.3900000000
556,20160114,4,32,39.4976772457,36.3900000000
556,20160115,4,32,39.5195122163,36.4000000000
556,20160116,4,32,39.8670805249,36.4000000000
556,20160117,4,32,39.7212961801,36.4000000000
556,20160118,4,32,38.5754895595,35.3500000000
556,20160119,4,32,38.5384764405,35.4100000000
556,20160120,4,32,39.4361652962,36.1800000000
556,20160121,4,32,39.3651832461,36.0900000000
556,20160122,4,32,39.0746380805,36.0900000000
556,20160123,4,32,39.0295073457,36.0900000000
556,20160124,4,32,38.9702944638,36.0900000000
556,20160125,4,32,39.3158332344,36.4100000000
556,20160126,4,32,38.4376346671,35.5000000000
556,20160127,4,32,39.6004389446,36.5200000000
556,20160127,10,68,48.8098652137,34.0400000000
556,20160128,4,32,39.2787409930,36.1300000000
556,20160129,4,32,39.7157282166,36.2800000000
556,20160130,4,32,39.2948587421,36.2800000000
556,20160131,4,32,39.2951141053,36.2800000000
556,20160201,4,32,39.2734519696,36.2600000000
556,20160202,4,32,39.7139982315,36.4700000000
556,20160203,4,32,39.7760240118,36.4700000000
556,20160204,4,32,41.0509394286,37.1300000000
556,20160205,4,32,40.6075680591,36.2600000000
556,20160206,4,32,40.3610005432,36.2600000000
556,20160207,4,32,40.4588159157,36.2600000000
556,20160208,4,32,40.7266073062,36.5000000000
556,20160208,10,68,50.6391525338,34.9200000000
556,20160209,4,32,41.2282878135,36.8900000000
556,20160210,4,32,41.7244444847,36.8900000000
556,20160211,4,32,41.2182276162,36.7200000000
556,20160212,4,32,41.4641413647,36.4600000000
556,20160213,4,32,40.9469688462,36.4600000000
556,20160214,4,32,41.0359148668,36.4600000000
556,20160215,4,32,41.0359148668,36.4600000000
556,20160216,4,32,40.9351506904,36.7000000000
556,20160217,4,32,40.9747945969,36.7800000000
556,20160218,4,32,41.2013094420,36.9900000000
556,20160219,4,32,41.0921528961,37.0500000000
556,20160220,4,32,41.2199778380,37.0500000000
556,20160221,4,32,41.2406707592,37.0500000000
556,20160222,4,32,40.7397719241,36.6000000000
556,20160223,4,32,41.2112741878,37.3900000000
556,20160224,4,32,40.6637523026,36.9100000000
556,20160225,4,32,40.7079411901,36.9300000000
556,20160225,10,68,47.4789036892,34.0400000000
556,20160226,4,32,40.7411738489,36.9300000000
556,20160227,4,32,40.3829877506,36.9300000000
556,20160228,4,32,40.3652878199,36.9300000000
556,20160229,4,32,40.3652878199,36.9300000000
556,20160229,10,68,47.1787757933,34.0100000000
556,20160301,4,32,40.1170596900,36.9300000000
556,20160302,4,32,40.0450221858,36.9300000000
556,20160303,4,32,40.0302638767,36.9300000000
556,20160303,10,68,47.7297794763,33.9700000000
556,20160304,4,32,40.4549622234,36.9300000000
556,20160305,4,32,40.7153015887,36.9300000000
556,20160306,4,32,40.6485272751,36.9300000000
556,20160306,10,68,48.3100726644,33.9400000000
556,20160307,4,32,40.6485272751,36.9300000000
556,20160308,4,32,49.5521049090,45.0720000000
556,20160308,10,68,48.2582886102,33.9000000000
556,20160309,4,32,49.0570408901,44.4680000000
556,20160310,4,32,43.5435303038,39.5060000000
556,20160310,10,68,48.1718594395,33.8600000000
556,20160311,4,32,44.1084523522,39.5060000000
556,20160312,4,32,44.1955945362,39.5060000000
556,20160313,4,32,44.0379449107,39.5060000000
556,20160313,10,68,48.6626054560,33.8300000000
556,20160314,4,32,43.8506727307,39.3380000000
556,20160315,4,32,43.7124857604,39.3700000000
556,20160316,4,32,43.7756953344,39.4500000000
556,20160317,4,32,43.2918542521,39.1180000000
556,20160318,4,32,42.8825521984,37.8520000000
556,20160319,4,32,42.6630238765,37.8520000000
556,20160320,4,32,42.6590331505,37.8520000000
556,20160320,10,68,50.5115598775,34.8800000000
556,20160321,4,32,43.6688211063,38.7480000000
556,20160321,10,68,50.5694859783,34.9200000000
556,20160322,4,32,43.5527380631,38.7480000000
556,20160323,4,32,43.4287507565,38.7480000000
556,20160324,4,32,43.6640853184,39.1080000000
556,20160325,4,32,43.6875471276,39.1080000000
556,20160326,4,32,43.6697411617,39.1080000000
556,20160327,4,32,43.6638903155,39.1080000000
556,20160328,4,32,43.6638903155,39.1080000000
556,20160329,4,32,43.3762453823,38.7480000000
556,20160330,4,32,43.6476690942,38.7480000000
556,20160330,10,68,47.4678543208,33.0400000000
556,20160331,4,32,43.1039459876,38.0760000000
556,20160401,4,32,43.3207241224,38.0440000000
556,20160402,4,32,43.3682309811,38.0440000000
556,20160403,4,32,43.3465881253,38.0440000000
556,20160404,4,32,42.9683138309,37.7120000000
556,20160405,4,32,42.5986984617,37.3640000000
556,20160406,4,32,43.2159636709,37.9520000000
556,20160407,4,32,42.2518973745,37.0160000000
556,20160408,4,32,42.6246953105,37.4920000000
556,20160409,4,32,42.7539900835,37.4920000000
556,20160410,4,32,42.7303085216,37.4920000000
556,20160411,4,32,42.4886882985,37.2800000000
556,20160411,10,68,47.5783495907,33.6800000000
556,20160412,4,32,41.8371862781,36.6800000000
556,20160413,4,32,41.7425881314,36.7000000000
556,20160414,4,32,41.3950235737,36.7000000000
556,20160415,4,32,41.3345396000,36.6880000000
556,20160416,4,32,41.4226910068,36.6800000000
556,20160417,4,32,41.3930078768,36.6800000000
556,20160417,10,68,47.2501331440,33.2700000000
556,20160418,4,32,41.3930078768,36.6800000000
556,20160419,4,32,41.5199376069,36.6800000000
556,20160420,4,32,41.7460976845,36.6800000000
556,20160421,4,32,41.2823493755,36.5040000000
556,20160422,4,32,41.2294750538,36.5040000000
556,20160423,4,32,40.9611461580,36.5040000000
556,20160424,4,32,40.9754454890,36.5040000000
556,20160424,10,68,47.5974386124,33.0400000000
556,20160425,4,32,40.8389536645,36.3920000000
556,20160426,4,32,41.0355870281,36.3920000000
556,20160427,4,32,41.4263868466,36.6800000000
556,20160428,4,32,41.3047494794,36.4400000000
556,20160429,4,32,41.3484777995,36.4400000000
556,20160430,4,32,41.2646565014,36.0800000000
556,20160501,4,32,41.3032030588,36.0800000000
556,20160501,10,68,47.3176898736,32.3750000000
556,20160502,4,32,41.3032030588,36.0800000000
556,20160503,4,32,41.5732861677,36.0800000000
556,20160503,10,68,46.3740458015,31.5900000000
556,20160504,4,32,41.5984504346,36.0800000000
556,20160504,10,68,43.7208624709,30.0100000000
556,20160505,4,32,40.8331226005,35.5240000000
556,20160505,10,68,41.3248296855,28.5100000000
556,20160506,4,32,40.3992942896,35.4240000000
556,20160506,10,68,39.2009264621,27.0800000000
556,20160507,4,32,41.2156588469,36.1240000000
556,20160507,10,68,46.7117039090,32.3600000000
556,20160508,4,32,41.1958238537,36.1240000000
556,20160508,10,68,47.3589656640,32.8200000000
556,20160509,4,32,41.1958238537,36.1240000000
556,20160509,10,68,48.4700687585,33.5900000000
556,20160510,4,32,40.6798804926,35.7280000000
556,20160511,4,32,40.6565958294,35.7280000000
556,20160512,4,32,38.9831418999,34.1060000000
556,20160513,4,32,38.8040886170,34.1060000000
556,20160514,4,32,38.5534487397,34.1060000000
556,20160515,4,32,38.5653063762,34.1060000000
556,20160515,10,68,47.4429758118,33.0400000000
556,20160516,4,32,38.5653063762,34.1060000000
556,20160516,10,68,50.8317597984,35.4000000000
556,20160517,4,32,38.6182313923,34.1060000000
556,20160517,10,68,46.6351829988,32.3900000000
556,20160518,4,32,38.6216424332,34.1060000000
556,20160519,4,32,38.4903164792,34.1060000000
556,20160519,10,68,45.5250299892,31.1200000000
556,20160520,4,32,38.2106661826,34.1060000000
556,20160520,10,68,48.3422585082,33.0400000000
556,20160521,4,32,38.2771360720,34.1060000000
556,20160521,10,68,44.1462635416,30.4000000000
556,20160522,4,32,38.2774797423,34.1060000000
556,20160522,10,68,47.2420393249,32.5800000000
556,20160523,4,32,38.2774797423,34.1060000000
556,20160524,4,32,38.2856867030,34.1060000000
556,20160525,4,32,40.0761529389,35.9540000000
556,20160526,4,32,40.9617514649,36.6860000000
556,20160527,4,32,41.0279924399,36.6860000000
556,20160527,10,68,45.7070003957,31.1900000000
556,20160528,4,32,40.8261832426,36.6860000000
556,20160529,4,32,40.7300608384,36.6540000000
556,20160529,10,68,47.3075208140,32.3600000000
556,20160530,4,32,40.7300608384,36.6540000000
556,20160531,4,32,40.9109441175,36.7260000000
556,20160601,4,32,40.8962749491,36.7260000000
556,20160602,4,32,40.9878585962,36.6620000000
556,20160603,4,32,40.9164973996,36.6620000000
556,20160604,4,32,41.5710411016,36.6620000000
556,20160605,4,32,41.6720184137,36.6620000000
556,20160605,10,68,47.2914126459,32.5800000000
556,20160606,4,32,41.6720184137,36.6620000000
556,20160607,4,32,41.4872575988,36.4980000000
556,20160608,4,32,41.3353881027,36.3980000000
556,20160609,4,32,40.8915064643,35.8540000000
556,20160609,10,68,46.3847203274,31.9600000000
556,20160610,4,32,40.6922113767,35.9440000000
556,20160611,4,32,40.4612956889,35.9480000000
556,20160612,4,32,40.4489577766,35.9480000000
556,20160613,4,32,40.6109876508,36.0920000000
556,20160614,4,32,40.7072294161,36.0640000000
556,20160614,10,68,45.7264653641,32.1800000000
556,20160615,4,32,40.5577645474,36.1800000000
556,20160615,10,68,45.1640692855,31.9800000000
556,20160616,4,32,40.6717470752,36.1800000000
556,20160617,4,32,40.6229298362,36.1800000000
556,20160618,4,32,40.9778938608,36.3360000000
556,20160619,4,32,40.9705935413,36.3360000000
556,20160619,10,68,45.3210811587,31.5650000000
556,20160620,4,32,40.8217571711,36.2040000000
556,20160620,10,68,46.3962670495,32.3150000000
556,20160621,4,32,40.6272378524,35.9120000000
556,20160621,10,68,45.4628780935,31.0000000000
556,20160622,4,32,41.7649874693,37.0800000000
556,20160622,10,68,47.0394905766,32.0600000000
556,20160623,4,32,41.8688785960,37.0800000000
556,20160623,10,68,46.9578463251,32.0600000000
556,20160624,4,32,42.1043069481,37.0800000000
556,20160624,10,68,45.2965030507,30.5500000000
556,20160625,4,32,41.3924288023,37.0800000000
556,20160625,10,68,41.7341199067,30.4200000000
556,20160626,4,32,41.2293186265,37.0800000000
556,20160626,10,68,41.4380891145,30.2900000000
556,20160627,4,32,41.2293186265,37.0800000000
556,20160627,10,68,44.6051137529,32.6050000000
556,20160628,4,32,40.3439495634,36.6480000000
556,20160628,10,68,42.2749552018,32.0850000000
556,20160629,4,32,38.0398047314,34.4420000000
556,20160629,10,68,44.7675658386,33.5900000000
556,20160630,4,32,38.2203118610,34.3940000000
556,20160701,4,32,37.9734395721,34.3900000000
556,20160701,10,68,41.9381942561,31.6950000000
556,20160702,4,32,37.4739207190,33.6240000000
556,20160702,10,68,38.6094753037,29.1100000000
556,20160703,4,32,37.4548857104,33.6240000000
556,20160703,10,68,41.7139181240,31.4500000000
556,20160704,4,32,37.3746825290,33.5520000000
556,20160704,10,68,41.3491700323,31.1750000000
556,20160705,4,32,37.3759424580,33.5060000000
556,20160705,10,68,41.1986014544,30.9900000000
556,20160706,4,32,36.5505666058,32.9700000000
556,20160706,10,68,36.9261672308,28.3100000000
556,20160707,4,32,36.6336754413,33.0420000000
556,20160707,10,68,43.6874083927,33.8300000000
556,20160708,4,32,36.5461145558,33.0420000000
556,20160709,4,32,37.2583440981,33.7460000000
556,20160710,4,32,37.2923124526,33.7460000000
556,20160710,10,68,45.4975076067,35.1400000000
556,20160711,4,32,37.3718788160,33.8180000000
556,20160711,10,68,44.9990289376,34.7550000000
556,20160712,4,32,37.4289928202,33.8540000000
556,20160713,4,32,37.4914203476,33.8660000000
556,20160713,10,68,45.8568994212,34.5800000000
556,20160714,4,32,37.5400461224,33.7940000000
556,20160714,10,68,43.9976843324,33.4400000000
556,20160715,4,32,37.4938014369,33.7220000000
556,20160715,10,68,44.2002182070,33.2200000000
556,20160716,4,32,37.0809612419,33.5180000000
556,20160717,4,32,36.9837469242,33.5180000000
556,20160717,10,68,44.8211046991,33.9800000000
556,20160718,4,32,37.1426364629,33.6620000000
556,20160718,10,68,45.2827699918,34.3300000000
556,20160719,4,32,37.5063658304,33.8780000000
556,20160719,10,68,44.8175927952,33.7900000000
556,20160720,4,32,37.6604347299,34.1840000000
556,20160720,10,68,45.4149387108,34.6600000000
556,20160721,4,32,37.6040921841,34.1840000000
556,20160721,10,68,45.3345447124,34.4300000000
556,20160722,4,32,37.6547027660,34.2160000000
556,20160723,4,32,37.5178729638,34.2160000000
556,20160724,4,32,37.5548104204,34.2160000000
556,20160724,10,68,45.3457647344,34.5800000000
556,20160725,4,32,37.5635910634,34.2240000000
556,20160725,10,68,44.6704301815,34.0650000000
556,20160726,4,32,37.6104444151,34.2240000000
556,20160726,10,68,45.5614692161,34.6700000000
556,20160727,4,32,37.6224345092,34.2240000000
556,20160728,4,32,37.5065718993,34.1000000000
556,20160728,10,68,45.3909651490,34.5600000000
556,20160729,4,32,37.3300310585,33.7020000000
556,20160729,10,68,43.7076508124,33.2200000000
556,20160730,4,32,37.5428678598,33.6300000000
556,20160731,4,32,37.5817176063,33.6300000000
556,20160731,10,68,45.7476997162,34.5800000000
556,20160801,4,32,37.6130077667,33.6580000000
556,20160802,4,32,37.4179284470,33.5100000000
556,20160802,10,68,44.5821209662,33.7850000000
556,20160803,4,32,37.5638199802,33.4540000000
556,20160803,10,68,44.9695223614,33.7150000000
556,20160804,4,32,37.5572709886,33.6580000000
556,20160805,4,32,37.4402265380,33.6360000000
556,20160805,10,68,44.1883938286,33.7100000000
556,20160806,4,32,37.4028395000,33.7080000000
556,20160807,4,32,37.3733957923,33.7080000000
556,20160807,10,68,45.2385776186,34.6100000000
556,20160808,4,32,37.3733957923,33.7080000000
556,20160808,10,68,45.4346419538,34.7600000000
556,20160809,4,32,37.3451154875,33.7080000000
556,20160809,10,68,45.6319345360,35.0200000000
556,20160810,4,32,37.4284441511,33.6920000000
556,20160811,4,32,37.5365979036,33.5900000000
556,20160811,10,68,45.5169095319,35.0000000000
556,20160812,4,32,37.4537927285,33.6180000000
556,20160812,10,68,44.5063307535,34.3600000000
556,20160813,4,32,37.4276189785,33.5140000000
556,20160814,4,32,37.4148748520,33.5140000000
556,20160815,4,32,37.4148748520,33.5140000000
556,20160816,4,32,37.4939866868,33.5140000000
556,20160816,10,68,45.5496943816,35.3600000000
556,20160817,4,32,37.5247259005,33.2740000000
556,20160818,4,32,37.4781488222,33.2740000000
556,20160819,4,32,37.4001390651,32.9720000000
556,20160820,4,32,37.3155273880,32.9720000000
556,20160821,4,32,37.3375005661,32.9720000000
556,20160821,10,68,47.9001981130,36.6300000000
556,20160822,4,32,37.4635783363,33.0440000000
556,20160823,4,32,37.4692095921,33.1000000000
556,20160824,4,32,37.3572390686,33.0040000000
556,20160824,10,68,47.2401462069,35.8000000000
556,20160825,4,32,37.3791525031,33.1540000000
556,20160826,4,32,37.3351500850,33.1000000000
556,20160827,4,32,37.5448833034,33.4600000000
556,20160828,4,32,37.4622830047,33.4600000000
556,20160829,4,32,37.1320484408,33.1760000000
556,20160830,4,32,37.1220767595,33.1760000000
556,20160831,4,32,36.9424878707,33.1680000000
556,20160831,10,68,42.3731030874,32.3900000000
556,20160901,4,32,36.9756521932,33.1520000000
556,20160902,4,32,37.1237361170,33.2720000000
556,20160903,4,32,37.1231562269,33.2720000000
556,20160904,4,32,37.1181864834,33.2720000000
556,20160904,10,68,47.2217975392,35.5200000000
556,20160905,4,32,32.9414389291,29.5320000000
556,20160906,4,32,32.6887476302,29.3120000000
556,20160907,4,32,32.9904333146,29.3120000000
556,20160908,4,32,32.9348314606,29.3120000000
556,20160909,4,32,32.9891709265,29.3120000000
556,20160910,4,32,32.8643024520,29.3120000000
556,20160911,4,32,32.9244731994,29.3120000000
556,20160912,4,32,32.9163391353,29.3120000000
556,20160912,10,68,47.6570820021,35.8000000000
556,20160913,4,32,32.9496402877,29.3120000000
556,20160914,4,32,33.8187248088,30.1220000000
556,20160915,4,32,33.8830146231,30.1220000000
556,20160915,10,68,48.5978835979,36.7400000000
556,20160916,4,32,33.8944525711,30.1220000000
556,20160917,4,32,33.6235572522,30.1220000000
556,20160918,4,32,33.6079886195,30.1220000000
556,20160919,4,32,33.6055514648,30.1220000000
556,20160919,10,68,43.6837964197,33.5900000000
556,20160920,4,32,33.6558659217,30.1220000000
556,20160921,4,32,33.6191665634,30.1220000000
556,20160922,4,32,33.6070512105,30.1220000000
556,20160923,4,32,33.7818590452,30.1220000000
556,20160924,4,32,33.8481004408,30.1220000000
556,20160925,4,32,33.8043026922,30.1220000000
556,20160926,4,32,33.8043026922,30.1220000000
556,20160927,4,32,33.9141057324,30.1220000000
556,20160928,4,32,33.8107531709,30.1220000000
556,20160929,4,32,33.7713299100,30.1220000000
556,20160930,4,32,33.7614884555,30.1220000000
556,20161001,4,32,33.4368261309,29.7560000000
556,20161002,4,32,33.4509971446,29.7560000000
556,20161003,4,32,33.4263841068,29.7560000000
556,20161004,4,32,33.3587443946,29.7560000000
556,20161005,4,32,33.2087297146,29.6720000000
556,20161006,4,32,33.1697630715,29.6000000000
556,20161007,4,32,33.1994197076,29.7500000000
556,20161008,4,32,33.2179544439,29.7500000000
556,20161009,4,32,33.3273586807,29.7500000000
556,20161009,10,68,39.1452215597,31.4800000000
556,20161010,4,32,33.1286225731,29.7500000000
556,20161011,4,32,32.8530386740,29.7320000000
556,20161012,4,32,32.8435361548,29.7860000000
556,20161012,10,68,45.0874831763,36.8500000000
556,20161013,4,32,32.9164898507,29.7860000000
556,20161014,4,32,32.7859108420,29.7860000000
556,20161015,4,32,32.6459859019,29.7560000000
556,20161016,4,32,32.6438370440,29.7560000000
556,20161017,4,32,32.7606687197,29.7860000000
556,20161018,4,32,36.9953123883,33.6600000000
556,20161019,4,32,36.9078947368,33.6600000000
556,20161020,4,32,36.8553271944,33.6840000000
556,20161021,4,32,36.7250190279,33.7760000000
556,20161022,4,32,36.7667949338,33.7760000000
556,20161023,4,32,36.7667949338,33.7760000000
556,20161024,4,32,36.8442635879,33.8720000000
556,20161025,4,32,36.8847460580,33.8720000000
556,20161026,4,32,36.8297834023,33.7440000000
556,20161026,10,68,45.2555637075,37.0100000000
556,20161027,4,32,36.7341606793,33.7440000000
556,20161028,4,32,37.3279352226,34.1140000000
556,20161029,4,32,37.4772043152,34.1140000000
556,20161030,4,32,37.4827633567,34.1140000000
556,20161031,4,32,35.5864941898,32.4620000000
556,20161101,4,32,34.8867027743,31.5620000000
556,20161102,4,32,34.5151141202,31.0460000000
556,20161102,10,68,45.2255115743,36.7100000000
556,20161103,4,32,34.4419791435,31.0460000000
556,20161104,4,32,34.5285495028,31.0460000000
556,20161105,4,32,34.5891383911,31.0460000000
556,20161106,4,32,34.5804698203,31.0460000000
556,20161107,4,32,34.3497460808,31.1140000000
556,20161108,4,32,34.3345839770,31.1140000000
556,20161108,10,68,45.7817911925,37.0100000000
556,20161109,4,32,33.6862609913,30.7820000000
556,20161110,4,32,33.6619154875,30.9660000000
556,20161111,4,32,33.3962264150,30.7980000000
556,20161112,4,32,33.4375610709,30.7980000000
556,20161113,4,32,33.4375610709,30.7980000000
556,20161114,4,32,33.1291580342,30.8940000000
556,20161115,4,32,33.2851934429,31.0220000000
556,20161116,4,32,33.2267208642,31.0620000000
556,20161117,4,32,33.1798236503,31.1460000000
556,20161118,4,32,33.0715618256,31.2180000000
556,20161119,4,32,33.0560835243,31.2180000000
556,20161120,4,32,33.0613347171,31.2180000000
556,20161121,4,32,33.0786053963,31.2180000000
556,20161122,4,32,35.4889740622,33.4260000000
556,20161123,4,32,35.4276663146,33.5500000000
556,20161124,4,32,35.5736319459,33.6740000000
556,20161124,10,68,37.4875498008,30.1100000000
556,20161125,4,32,35.4570085096,33.4500000000
556,20161125,10,68,42.2383458412,33.9100000000
556,20161126,4,32,33.3139109891,31.4460000000
556,20161126,10,68,37.4794917062,30.0400000000
556,20161127,4,32,33.3059720067,31.4460000000
556,20161128,4,32,33.2761904761,31.4460000000
556,20161129,4,32,33.2498142053,31.3180000000
556,20161129,10,68,37.5859052855,30.0800000000
556,20161130,4,32,33.1267188491,31.3180000000
556,20161201,4,32,34.0603741496,32.0440000000
556,20161201,10,68,37.8446430820,30.0600000000
556,20161202,4,32,34.1781521783,32.0440000000
556,20161202,10,68,37.6030437540,29.6500000000
556,20161203,4,32,34.1717009602,32.0440000000
556,20161203,10,68,37.8554921023,29.7300000000
556,20161204,4,32,34.1797197911,32.0440000000
556,20161205,4,32,34.3947678781,32.0800000000
556,20161206,4,32,34.4721730263,32.1160000000
556,20161206,10,68,37.7344097642,29.6800000000
556,20161207,4,32,34.5364323540,32.1060000000
556,20161207,10,68,37.4367962475,29.6900000000
556,20161208,4,32,34.1210220375,32.1260000000
556,20161208,10,68,37.7026517532,30.0000000000
556,20161209,4,32,33.8842626752,32.1460000000
556,20161209,10,68,37.2280216325,29.6000000000
556,20161210,4,32,33.9424016049,32.1460000000
556,20161211,4,32,33.9510051909,32.1460000000
556,20161212,4,32,34.1632557843,32.2180000000
556,20161213,4,32,34.2899691522,32.2360000000
556,20161213,10,68,37.5237853609,29.5800000000
556,20161214,4,32,34.2199488490,32.1120000000
556,20161214,10,68,37.4316592498,29.4400000000
556,20161215,4,32,33.7474077146,32.5460000000
556,20161215,10,68,36.6687306502,29.6100000000
556,20161216,4,32,34.0795811518,32.5460000000
556,20161216,10,68,36.7672736343,29.4800000000
556,20161217,4,32,34.1851214961,32.7020000000
556,20161217,10,68,36.9454436451,29.5800000000
556,20161218,4,32,34.1851214961,32.7020000000
556,20161219,4,32,33.9964476021,32.5380000000
556,20161220,4,32,35.1126804445,33.8100000000
556,20161220,10,68,37.4953686551,30.3600000000
556,20161221,4,32,35.2444490774,33.8100000000
556,20161221,10,68,40.5806053119,32.8500000000
556,20161222,4,32,35.3291536050,33.8100000000
556,20161223,4,32,35.3291536050,33.8100000000
556,20161223,10,68,38.8507718696,31.7100000000
556,20161224,4,32,35.3568627451,33.8100000000
556,20161225,4,32,35.3568627451,33.8100000000
556,20161226,4,32,35.3280461427,33.8100000000
556,20161227,4,32,35.3550141169,33.8100000000
556,20161227,10,68,39.3791530785,32.1200000000
556,20161228,4,32,35.1272727272,33.8100000000
556,20161229,4,32,35.4549315491,33.8100000000
556,20161230,4,32,35.6833773087,33.8100000000
556,20161231,4,32,35.5630821338,33.8100000000
556,20161231,10,68,44.4082498905,35.9900000000
556,20170101,4,32,35.5630821338,33.8100000000
556,20170102,4,32,35.3994346141,33.8100000000
556,20170103,4,32,35.2077475788,33.8100000000
556,20170103,10,68,39.3750000000,32.1300000000
556,20170104,4,32,35.4068488847,33.8100000000
556,20170105,4,32,36.5582509352,34.4960000000
556,20170105,10,68,39.8411319350,32.1000000000
556,20170106,4,32,36.4073878627,34.4960000000
556,20170106,10,68,39.5348837209,32.1300000000
556,20170107,4,32,36.3337616650,34.4960000000
556,20170107,10,68,39.4806343435,32.1400000000
556,20170108,4,32,36.3293612136,34.4960000000
556,20170109,4,32,36.4728272361,34.4960000000
556,20170110,4,32,36.4082236668,34.4440000000
556,20170110,10,68,38.0871258214,31.3000000000
556,20170111,4,32,36.1762540750,34.4000000000
556,20170112,4,32,36.7058572609,34.4200000000
556,20170113,4,32,36.4320246507,34.2880000000
556,20170113,10,68,39.3133288174,32.2100000000
556,20170114,4,32,36.4903766847,34.2880000000
556,20170114,10,68,42.5430705900,34.8800000000
556,20170115,4,32,36.4979509287,34.2880000000
556,20170115,10,68,43.8213055072,35.9900000000
556,20170116,4,32,36.3476389617,34.2880000000
556,20170117,4,32,36.7988192892,34.4080000000
556,20170117,10,68,38.8994189864,31.4000000000
556,20170118,4,32,35.7897661099,33.4960000000
556,20170118,10,68,38.4196101377,31.1900000000
556,20170119,4,32,35.5414153616,33.4240000000
556,20170120,4,32,35.7501802355,33.4720000000
556,20170121,4,32,35.8234513463,33.4720000000
556,20170122,4,32,35.8234513463,33.4720000000
556,20170123,4,32,35.7136719085,33.2480000000
556,20170123,10,68,37.4467766304,29.9900000000
556,20170124,4,32,35.6846785336,33.1880000000
556,20170125,4,32,35.7108304219,33.2200000000
556,20170126,4,32,35.4286201821,33.2200000000
556,20170127,4,32,35.5450997166,33.2400000000
556,20170128,4,32,35.5589788026,33.2400000000
556,20170129,4,32,35.5652564678,33.2400000000
556,20170130,4,32,35.5870060181,33.2920000000
556,20170131,4,32,35.8947243474,33.2640000000
556,20170201,4,32,35.5567029161,33.0560000000
556,20170202,4,32,35.5173493741,32.8880000000
556,20170203,4,32,35.4654079568,32.8720000000
556,20170204,4,32,35.4248239113,32.8420000000
556,20170205,4,32,35.4250149662,32.8420000000
556,20170206,4,32,35.3387010198,32.9180000000
556,20170207,4,32,35.1268427748,32.8580000000
556,20170208,4,32,34.7590606469,32.4740000000
556,20170208,10,68,44.9890316515,35.8900000000
556,20170209,4,32,34.6555546082,32.5180000000
556,20170210,4,32,34.6127645080,32.5180000000
556,20170210,10,68,45.8692663417,36.7000000000
556,20170211,4,32,34.6035563406,32.5180000000
556,20170211,10,68,46.2310051278,37.0100000000
556,20170212,4,32,34.6041086925,32.5180000000
556,20170212,10,68,45.7830271763,36.6500000000
556,20170213,4,32,34.1515316579,32.2260000000
556,20170213,10,68,45.6465237167,36.5300000000
556,20170214,4,32,34.0858861970,32.2340000000
556,20170215,4,32,34.2409398392,32.2940000000
556,20170215,10,68,45.6518485257,36.6000000000
556,20170216,4,32,34.4405883325,32.3020000000
556,20170216,10,68,45.6337325349,36.5800000000
556,20170217,4,32,34.2370379024,32.2340000000
556,20170217,10,68,45.5093092869,36.6400000000
556,20170218,4,32,34.2214082862,32.2340000000
556,20170219,4,32,34.2148698924,32.2340000000
556,20170220,4,32,34.3168493499,32.3100000000
556,20170220,10,68,46.1244150325,37.0100000000
556,20170221,4,32,32.0514713638,30.3880000000
556,20170222,4,32,32.0581879513,30.4120000000
556,20170223,4,32,32.1913531248,30.4160000000
556,20170224,4,32,32.0983474746,30.3400000000
556,20170224,10,68,45.4539775354,36.3800000000
556,20170225,4,32,32.0466440277,30.3400000000
556,20170226,4,32,32.0466440277,30.3400000000
556,20170226,10,68,46.1439676830,37.0100000000
556,20170227,4,32,32.2031340018,30.2960000000
556,20170227,10,68,42.9211324192,34.4000000000
556,20170228,4,32,32.2509730622,30.3680000000
556,20170228,10,68,42.7036093682,34.3700000000
556,20170301,4,32,32.1814060873,30.4560000000
556,20170302,4,32,31.9697208642,30.4080000000
556,20170302,10,68,41.8389507135,34.1000000000
556,20170303,4,32,32.0278613266,30.3480000000
556,20170303,10,68,42.2501576727,34.5000000000
556,20170304,4,32,32.2389772081,30.3480000000
556,20170305,4,32,32.2401759250,30.3480000000
556,20170305,10,68,42.8006713349,34.8100000000
556,20170306,4,32,32.1755878680,30.4040000000
556,20170307,4,32,32.0626355605,30.3040000000
556,20170307,10,68,42.6586574854,34.9400000000
556,20170308,4,32,31.9880166248,30.3240000000
556,20170309,4,32,32.0939831719,30.3240000000
556,20170310,4,32,32.3627358893,30.3200000000
556,20170311,4,32,32.3663633209,30.3200000000
556,20170312,4,32,32.3589365948,30.3200000000
556,20170313,4,32,32.3733333333,30.3500000000
556,20170314,4,32,32.2705560697,30.3340000000
556,20170315,4,32,32.3382978723,30.3980000000
556,20170316,4,32,32.6197122611,30.3820000000
556,20170316,10,68,37.0832921159,29.9900000000
556,20170317,4,32,32.6442462662,30.3820000000
556,20170318,4,32,32.6256671284,30.3820000000
556,20170319,4,32,32.6438955206,30.3820000000
556,20170320,4,32,32.6254919542,30.3820000000
556,20170321,4,32,32.3578396383,29.9200000000
556,20170322,4,32,32.2256443508,29.8200000000
556,20170323,4,32,32.1675907747,29.8200000000
556,20170323,10,68,46.3586942907,37.0100000000
556,20170324,4,32,32.2232067601,29.8200000000
556,20170325,4,32,32.2219881031,29.8200000000
556,20170326,4,32,32.6023415509,30.1720000000
556,20170327,4,32,32.7899495739,30.1720000000
556,20170328,4,32,32.7053569493,30.1720000000
556,20170329,4,32,32.4520833781,30.1720000000
556,20170330,4,32,32.3284706336,30.1720000000
556,20170330,10,68,36.1245692023,28.9300000000
556,20170331,4,32,32.2719347972,30.1720000000
556,20170402,4,32,32.1769454723,30.1720000000
556,20170403,4,32,32.1772886272,30.1720000000
556,20170403,10,68,35.6750686299,28.5900000000
556,20170404,4,32,32.1699124102,30.1720000000
556,20170405,4,32,32.1217928244,30.1720000000
556,20170406,4,32,32.1365045214,30.1720000000
556,20170407,4,32,31.9845653165,30.1720000000
556,20170408,4,32,31.9539097788,30.1720000000
556,20170409,4,32,31.9539097788,30.1720000000
556,20170409,10,68,35.5861318023,28.7600000000
556,20170410,4,32,31.9923656028,30.1720000000
556,20170411,4,32,32.0110338973,30.1720000000
556,20170412,4,32,32.0000000000,30.1720000000
556,20170413,4,32,32.0695556051,30.1720000000
556,20170414,4,32,32.0450321278,30.1720000000
556,20170415,4,32,32.0193567900,30.1720000000
556,20170416,4,32,32.0230950069,30.1720000000
556,20170416,10,68,35.8003744076,28.5900000000
556,20170417,4,32,32.1389007243,30.1720000000
556,20170418,4,32,32.2964612189,30.1720000000
556,20170418,10,68,35.8537768361,28.0900000000
556,20170419,4,32,32.3161784394,30.1720000000
556,20170420,4,32,32.4299341663,30.1720000000
556,20170421,4,32,32.2510648987,30.1720000000
556,20170422,4,32,32.3619319340,30.1720000000
556,20170423,4,32,32.3640147167,30.1720000000
556,20170424,4,32,34.0821102539,31.4280000000
556,20170424,10,68,36.5409440063,28.5900000000
556,20170425,4,32,34.4069540846,31.4280000000
556,20170426,4,32,33.7226753670,31.0080000000
556,20170427,4,32,33.7143416459,31.0000000000
556,20170427,10,68,36.6741700582,28.4300000000
556,20170428,4,32,33.7673237379,30.9800000000
556,20170429,4,32,33.7559179092,30.9800000000
556,20170430,4,32,33.7324718623,30.9600000000
556,20170501,4,32,33.7672394518,30.9600000000
556,20170502,4,32,33.5704001047,30.7760000000
556,20170502,10,68,36.1778139556,28.0000000000
556,20170504,4,32,33.7546076882,30.7680000000
556,20170505,4,32,33.8119179098,30.7680000000
556,20170506,4,32,33.8431586068,30.7680000000
556,20170507,4,32,33.8123601005,30.7400000000
556,20170508,4,32,33.6103214520,30.7400000000
556,20170509,4,32,33.3935214393,30.7000000000
556,20170509,10,68,36.0025873221,27.8300000000
556,20170510,4,32,33.4249850567,30.7560000000
556,20170511,4,32,33.4159061277,30.7560000000
556,20170512,4,32,33.5513171828,30.7320000000
556,20170513,4,32,33.5949627232,30.7320000000
556,20170514,4,32,33.6008396929,30.7320000000
556,20170514,10,68,36.3080968216,28.1700000000
556,20170515,4,32,33.7237705835,30.7320000000
556,20170516,4,32,34.0373688932,30.7320000000
556,20170516,10,68,38.2094025098,29.5800000000
556,20170517,4,32,34.2158587365,30.7320000000
556,20170517,10,68,38.7252872373,29.9300000000
556,20170518,4,32,34.0182216635,30.5800000000
556,20170520,4,32,34.3933696827,30.6880000000
556,20170521,4,32,34.3935624145,30.6880000000
556,20170522,4,32,34.5165348669,30.7280000000
556,20170523,4,32,34.2541189111,30.6040000000
556,20170524,4,32,33.5211267605,29.9880000000
556,20170525,4,32,33.5943284051,29.9480000000
556,20170526,4,32,33.3575475810,29.8480000000
556,20170527,4,32,33.3806770524,29.8480000000
556,20170528,4,32,33.3806770524,29.8480000000
556,20170528,10,68,38.7767646758,30.2800000000
556,20170529,4,32,33.3940728651,29.8720000000
556,20170530,4,32,33.5456190923,30.0240000000
556,20170531,4,32,33.7302835572,30.0240000000
556,20170601,4,32,33.4592407446,29.8520000000
556,20170601,10,68,38.2216494845,29.6600000000
556,20170602,4,32,33.6743892545,29.8840000000
556,20170602,10,68,37.9281246578,29.4400000000
556,20170603,4,32,33.7226491530,29.8840000000
556,20170604,4,32,33.7226491530,29.8840000000
556,20170605,4,32,33.6292945320,29.8840000000
556,20170605,10,68,40.0749547687,31.0100000000
556,20170606,4,32,33.2555596884,29.5040000000
556,20170606,10,68,41.1784032417,31.9600000000
556,20170607,4,32,33.5551576979,29.8000000000
556,20170607,10,68,37.4829549494,29.0000000000
556,20170608,4,32,33.4061992040,29.8000000000
556,20170608,10,68,37.8105590062,29.2200000000
556,20170609,4,32,33.4800380760,29.8960000000
556,20170610,4,32,34.2781009108,30.6160000000
556,20170611,4,32,34.2698515749,30.6160000000
556,20170612,4,32,34.2576830032,30.5880000000
556,20170612,10,68,37.1283997470,29.3500000000
556,20170613,4,32,34.2372008108,30.5680000000
556,20170613,10,68,38.0138950857,29.8200000000
556,20170614,4,32,34.4428169014,30.5680000000
556,20170614,10,68,37.6839411388,29.4500000000
556,20170615,4,32,33.9787966957,30.4800000000
556,20170616,4,32,34.1091169493,30.4840000000
556,20170617,4,32,34.1070010402,30.4920000000
556,20170618,4,32,34.1070010402,30.4920000000
556,20170618,10,68,40.9631778735,32.0500000000
556,20170619,4,32,34.0018185773,30.4760000000
556,20170620,4,32,33.9067542005,30.4720000000
556,20170620,10,68,41.8044581324,33.1200000000
556,20170621,4,32,33.9634418190,30.4720000000
556,20170622,4,32,34.2047735891,30.6680000000
556,20170622,10,68,37.9987333755,30.0000000000
556,20170623,4,32,34.0394088669,30.4040000000
556,20170623,10,68,37.7384889341,29.6700000000
556,20170624,4,32,34.0335029188,30.4040000000
556,20170625,4,32,34.0235957823,30.3960000000
556,20170625,10,68,37.4560416150,29.4500000000
556,20170626,4,32,34.0106521057,30.3960000000
556,20170626,10,68,37.4968201475,29.4800000000
556,20170627,4,32,34.6311533350,30.6200000000
556,20170628,4,32,34.7620266848,30.5480000000
556,20170629,4,32,34.7219761440,30.3760000000
556,20170629,10,68,38.3303999948,29.5100000000
556,20170630,4,32,34.9903863160,30.6640000000
556,20170630,10,68,39.0088449532,29.9900000000
556,20170701,4,32,35.0411674294,30.6640000000
556,20170702,4,32,35.0411674294,30.6640000000
556,20170702,10,68,37.8331900258,29.0400000000
556,20170703,4,32,36.0884154823,31.7800000000
556,20170704,4,32,36.5006240780,32.1680000000
556,20170705,4,32,36.5955565130,32.2760000000
556,20170705,10,68,38.6233096649,29.8900000000
556,20170706,4,32,36.6996353093,32.1520000000
556,20170707,4,32,37.1506149177,32.5640000000
556,20170708,4,32,36.6420394946,32.1380000000
556,20170709,4,32,36.6422483824,32.1380000000
556,20170710,4,32,36.6238753753,32.1380000000
556,20170710,10,68,38.3610145487,29.7950000000
556,20170711,4,32,36.4996996309,31.8980000000
556,20170711,10,68,38.3159977643,29.8200000000
556,20170712,4,32,36.4173992464,31.8980000000
556,20170713,4,32,36.3276067261,31.8980000000
556,20170714,4,32,36.5373271097,31.8980000000
556,20170715,4,32,36.5859393369,31.8980000000
556,20170716,4,32,36.5859393369,31.8980000000
556,20170716,10,68,38.8441062647,29.6600000000
556,20170717,4,32,36.5981126122,31.8980000000
556,20170717,10,68,38.3420365535,29.3700000000
556,20170718,4,32,36.8805642270,31.8980000000
556,20170719,4,32,36.7117259809,31.8700000000
556,20170720,4,32,35.9273634341,30.8800000000
556,20170721,4,32,35.8024331184,30.6800000000
556,20170722,4,32,35.7682619647,30.6720000000
556,20170723,4,32,35.7682619647,30.6720000000
556,20170723,10,68,38.8449192301,29.8900000000
556,20170724,4,32,35.7498210763,30.7200000000
556,20170724,10,68,38.5667752443,29.6000000000
556,20170725,4,32,35.8002319090,30.7200000000
556,20170726,4,32,35.8628227264,30.8440000000
556,20170727,4,32,35.9885654279,30.8440000000
556,20170728,4,32,36.2231356429,30.8440000000
556,20170729,4,32,36.2554952159,30.8440000000
556,20170730,4,32,36.2907586336,30.8740000000
556,20170730,10,68,38.9583949036,29.6600000000
556,20170731,4,32,36.4602585071,30.8740000000
556,20170731,10,68,38.7561608044,29.3700000000
556,20170801,4,32,36.4417532739,30.8740000000
556,20170801,10,68,39.0504247196,29.5600000000
556,20170802,4,32,36.6393914400,30.8740000000
556,20170802,10,68,38.7756452680,29.2950000000
556,20170803,4,32,35.9335311572,30.2740000000
556,20170804,4,32,35.5756632098,30.2740000000
556,20170805,4,32,35.6424686241,30.2740000000
556,20170806,4,32,35.6462456875,30.2740000000
556,20170806,10,68,38.6797250949,29.6600000000
556,20170807,4,32,35.6931057859,30.2740000000
556,20170807,10,68,38.2521489971,29.3700000000
556,20170808,4,32,35.4305183149,30.2200000000
556,20170809,4,32,35.5024441706,30.2200000000
556,20170810,4,32,36.1216573659,30.7400000000
556,20170811,4,32,34.7466390899,29.4000000000
556,20170812,4,32,34.7493085596,29.4000000000
556,20170813,4,32,36.3969458430,30.7940000000
556,20170813,10,68,38.8929370739,29.8900000000
556,20170814,4,32,36.3138933602,30.7940000000
556,20170815,4,32,36.1370424047,30.7940000000
556,20170815,10,68,38.3314035765,29.7950000000
556,20170816,4,32,36.0140575752,30.7940000000
556,20170816,10,68,38.3187057478,29.8200000000
556,20170817,4,32,36.1743992763,30.7940000000
556,20170818,4,32,36.1380525774,30.7580000000
556,20170819,4,32,36.2056191271,30.7860000000
556,20170820,4,32,35.9784999353,30.5900000000
556,20170821,4,32,36.1654459794,30.5900000000
556,20170823,4,32,36.1018499395,30.5900000000
556,20170823,10,68,38.8190617448,30.3600000000
556,20170824,4,32,36.1216730038,30.5900000000
556,20170824,10,68,38.4364404069,30.0400000000
556,20170825,4,32,36.3480812989,30.5900000000
556,20170825,10,68,38.6419275867,29.9900000000
556,20170826,4,32,36.4700692681,30.5900000000
556,20170827,4,32,36.4802900296,30.5900000000
556,20170828,4,32,36.6358274200,30.5900000000
556,20170828,10,68,38.5600124137,29.8200000000
556,20170829,4,32,37.2122646894,30.9660000000
556,20170830,4,32,36.0884541933,30.3300000000
556,20170831,4,32,36.0213776722,30.3300000000
556,20170901,4,32,36.0091892886,30.3300000000
556,20170902,4,32,36.0037007164,30.3540000000
556,20170903,4,32,36.0073310043,30.3540000000
556,20170903,10,68,37.2053872054,28.7300000000
556,20170904,4,32,36.1727329543,30.3860000000
556,20170904,10,68,38.2377067710,29.6000000000
556,20170905,4,32,36.1781164424,30.3860000000
556,20170906,4,32,36.2033380656,30.3460000000
556,20170906,10,68,32.6222518234,24.9800000000
556,20170907,4,32,36.4009308351,30.3460000000
556,20170908,4,32,36.4958144517,30.3220000000
556,20170909,4,32,36.4916418952,30.3220000000
556,20170910,4,32,36.5002076474,30.3220000000
556,20170911,4,32,36.2352659606,30.2800000000
556,20170912,4,32,36.2196624442,30.2800000000
556,20170913,4,32,35.8938398088,30.2000000000
556,20170914,4,32,35.8859492249,30.2000000000
556,20170915,4,32,36.0739537550,30.2040000000
556,20170916,4,32,36.0834348792,30.2040000000
556,20170917,4,32,36.0802021179,30.2040000000
556,20170917,10,68,39.0856008646,28.7500000000
556,20170918,4,32,35.9657809647,30.1440000000
556,20170919,4,32,36.0766197317,30.1440000000
556,20170920,4,32,35.9951737509,29.9820000000
556,20170921,4,32,36.1623880597,30.2860000000
556,20170922,4,32,36.1838687913,30.3020000000
556,20170923,4,32,36.2037551449,30.3020000000
556,20170924,4,32,36.0594417920,30.1740000000
556,20170925,4,32,35.6943127962,30.1260000000
556,20170925,10,68,38.9497689249,28.9500000000
556,20170926,4,32,35.5064734550,30.1260000000
556,20170927,4,32,35.2182778701,29.9660000000
556,20170928,4,32,38.3007560445,32.4980000000
556,20170929,4,32,35.3251535914,29.9280000000
556,20170930,4,32,35.0976892730,29.8920000000
556,20171001,4,32,35.3247735477,29.8920000000
556,20171002,4,32,35.0794349983,29.8640000000
556,20171003,4,32,38.3796712564,32.6540000000
556,20171004,4,32,39.2374611054,33.3540000000
556,20171005,4,32,40.4615141457,34.5600000000
556,20171006,4,32,40.5423625481,34.5800000000
556,20171007,4,32,40.5744725788,34.5800000000
556,20171008,4,32,40.5885527890,34.5920000000
556,20171009,4,32,40.7733112454,34.7040000000
556,20171009,10,68,38.3515349161,29.1650000000
556,20171010,4,32,35.3313940795,29.9400000000
556,20171011,4,32,39.3841051759,33.2520000000
556,20171012,4,32,39.4860255803,33.3420000000
556,20171012,10,68,38.9259254351,29.3700000000
556,20171014,4,32,39.4725799493,33.3940000000
556,20171015,4,32,39.4909654043,33.4060000000
556,20171015,10,68,37.6022269022,28.3000000000
556,20171016,4,32,39.4506247195,33.4060000000
556,20171016,10,68,38.7551067858,29.1700000000
556,20171017,4,32,39.2346690008,33.3940000000
556,20171018,4,32,39.3867771615,33.4120000000
556,20171019,4,32,39.9498379197,33.7680000000
556,20171020,4,32,39.7696357276,33.7680000000
556,20171021,4,32,38.9047004543,33.0120000000
556,20171022,4,32,38.8930124059,33.0120000000
556,20171023,4,32,38.7742397726,33.0120000000
556,20171023,10,68,36.9302626284,27.9900000000
556,20171024,4,32,37.8047991340,32.1320000000
556,20171025,4,32,39.3940109579,33.3620000000
556,20171026,4,32,38.8780154357,33.2720000000
556,20171027,4,32,38.5621483168,33.2720000000
556,20171028,4,32,38.6228031481,33.2720000000
556,20171029,4,32,38.4562690847,33.1220000000
556,20171030,4,32,38.5408424482,33.1220000000
556,20171030,10,68,38.2248051776,28.9400000000
556,20171031,4,32,38.7735838062,33.2720000000
556,20171101,4,32,40.2071502886,34.5880000000
556,20171102,4,32,40.3313918574,34.5880000000
556,20171103,4,32,40.1346019958,34.5880000000
556,20171103,10,68,37.5555555556,28.7300000000
556,20171104,4,32,40.7045645802,35.0680000000
556,20171105,4,32,40.7473681764,35.0680000000
556,20171106,4,32,40.7820483821,35.1580000000
556,20171106,10,68,38.3761413650,29.2100000000
556,20171107,4,32,40.7400334484,35.2000000000
556,20171107,10,68,38.6147595945,29.3700000000
556,20171108,4,32,40.4735826422,34.9200000000
556,20171109,4,32,40.6748862862,34.9200000000
556,20171110,4,32,40.6985891854,34.9200000000
556,20171110,10,68,37.7649987126,28.6000000000
556,20171111,4,32,40.7334826427,34.9200000000
556,20171112,4,32,40.7334826427,34.9200000000
556,20171113,4,32,40.0440685277,34.3480000000
556,20171113,10,68,38.2301673635,29.1700000000
556,20171114,4,32,40.4125021325,34.3480000000
556,20171114,10,68,37.3933587085,28.4900000000
556,20171115,4,32,38.7458944376,32.8540000000
556,20171116,4,32,38.6824831483,32.8540000000
556,20171117,4,32,38.7365293465,32.8540000000
556,20171117,10,68,37.5238737221,28.3900000000
556,20171118,4,32,38.7397266735,32.8540000000
556,20171119,4,32,38.7529783670,32.8540000000
556,20171120,4,32,38.5746154749,32.8540000000
556,20171120,10,68,38.3438629952,28.9500000000
556,20171121,4,32,38.5825430844,32.8540000000
556,20171122,4,32,38.7171283284,32.8540000000
556,20171123,4,32,38.9237731914,32.8540000000
556,20171124,4,32,39.2129715277,32.8540000000
556,20171125,4,32,39.1998711394,32.8540000000
556,20171126,4,32,39.1998711394,32.8540000000
556,20171127,4,32,39.1382298808,32.8540000000
556,20171128,4,32,39.0329095877,32.8540000000
556,20171129,4,32,39.2414598990,33.0780000000
556,20171130,4,32,39.6635373817,33.3140000000
556,20171201,4,32,39.9535202455,33.5240000000
556,20171201,10,68,37.8001067647,27.9700000000
556,20171202,4,32,39.2990137175,33.0320000000
556,20171203,4,32,39.2800870459,33.0320000000
556,20171204,4,32,39.1464852661,33.0320000000
556,20171204,10,68,38.4314992863,28.5400000000
556,20171205,4,32,39.0308458534,33.0320000000
556,20171206,4,32,38.9323998609,33.0320000000
556,20171207,4,32,39.4909489592,33.4980000000
556,20171208,4,32,37.5249266172,31.8960000000
556,20171208,10,68,37.6753078332,28.1800000000
556,20171209,4,32,38.6944960821,32.8880000000
556,20171211,4,32,37.6104680660,31.8760000000
556,20171211,10,68,38.4175959271,28.7500000000
556,20171212,4,32,37.4200882472,31.9300000000
556,20171213,4,32,37.5529981829,31.9300000000
556,20171214,4,32,37.6074013439,31.9300000000
556,20171215,4,32,37.5985445724,31.9300000000
556,20171215,10,68,37.7976448033,28.3900000000
556,20171216,4,32,37.5154943808,31.9300000000
556,20171217,4,32,37.5320309377,31.9300000000
556,20171217,10,68,38.5673463135,28.9500000000
556,20171218,4,32,37.7413281236,31.9720000000
556,20171219,4,32,37.7743252263,31.9720000000
556,20171220,4,32,37.9897694259,31.9720000000
556,20171221,4,32,37.9469345851,31.9720000000
556,20171222,4,32,37.8579674965,31.9720000000
556,20171222,10,68,37.6788138597,28.1700000000
556,20171223,4,32,37.9172324642,31.9720000000
556,20171224,4,32,37.9172324642,31.9720000000
556,20171225,4,32,37.9714964370,31.9720000000
556,20171226,4,32,37.9399549068,31.9720000000
556,20171227,4,32,38.0336059479,31.9720000000
556,20171228,4,32,38.2149922008,31.9720000000
556,20171229,4,32,38.4269608904,31.9720000000
556,20171229,10,68,37.8116043909,27.9700000000
556,20171230,4,32,38.3812919412,31.9720000000
556,20171231,4,32,38.3617198702,31.9720000000
556,20180101,4,32,38.3584981493,31.9720000000
556,20180101,10,68,38.5204580884,28.5400000000
556,20180102,4,32,38.5481158179,31.9720000000
556,20180103,4,32,38.4502985514,31.9720000000
556,20180104,4,32,38.5681112217,31.9720000000
556,20180105,4,32,38.4864005971,31.9720000000
556,20180105,10,68,37.6562510598,27.7600000000
556,20180106,4,32,38.4630191039,31.9720000000
556,20180107,4,32,38.4639445634,31.9720000000
556,20180108,4,32,39.4397571243,32.9320000000
556,20180108,10,68,38.4503191756,28.3400000000
556,20180109,4,32,39.2629552133,32.9320000000
556,20180110,4,32,37.8414581638,31.6400000000
556,20180111,4,32,38.0821703467,31.6400000000
556,20180111,10,68,37.9091075310,27.9900000000
556,20180112,4,32,38.3968932981,31.6400000000
556,20180113,4,32,38.5896012976,31.6400000000
556,20180114,4,32,38.5896012976,31.6400000000
556,20180114,10,68,38.3836303086,27.9500000000
556,20180115,4,32,38.7327226248,31.5760000000
556,20180115,10,68,38.7434771805,28.0650000000
556,20180116,4,32,38.6452161258,31.6000000000
556,20180116,10,68,37.1494860621,26.9800000000
556,20180117,4,32,38.1437056157,31.1800000000
556,20180118,4,32,38.2192577180,31.2280000000
556,20180119,4,32,38.2024258809,31.2280000000
556,20180120,4,32,38.1737057636,31.2280000000
556,20180121,4,32,38.1737057636,31.2280000000
556,20180122,4,32,36.8031809145,30.0820000000
556,20180122,10,68,38.6773840480,27.7400000000
556,20180123,4,32,38.3553904259,31.2280000000
556,20180124,4,32,38.6817869330,31.2280000000
556,20180125,4,32,39.0001436216,31.2280000000
556,20180126,4,32,38.8082144965,31.2280000000
556,20180127,4,32,40.9891885174,32.9840000000
556,20180128,4,32,40.9891885174,32.9840000000
556,20180129,4,32,40.7448812575,32.9840000000
556,20180129,10,68,38.4178094690,27.3700000000
556,20180130,4,32,41.4033218310,33.4160000000
556,20180131,4,32,41.5330023055,33.4160000000
556,20180201,4,32,41.7015052775,33.4160000000
556,20180202,4,32,41.5612878320,33.3760000000
556,20180203,4,32,41.5949551660,33.3760000000
556,20180204,4,32,41.5949551660,33.3760000000
556,20180205,4,32,41.4567424896,33.4160000000
556,20180206,4,32,41.3510620525,33.4160000000
556,20180206,10,68,38.8261473106,27.8300000000
556,20180207,4,32,41.0331976447,33.4160000000
556,20180208,4,32,41.4342044035,33.8360000000
556,20180209,4,32,41.3787199696,33.8360000000
556,20180210,4,32,41.4336970231,33.8360000000
556,20180211,4,32,41.4336970231,33.8360000000
556,20180211,10,68,38.6963827595,27.9800000000
556,20180212,4,32,41.6167811579,33.9260000000
556,20180212,10,68,38.9460598107,28.1950000000
556,20180213,4,32,41.9403857971,33.9200000000
556,20180214,4,32,42.2080779409,34.0520000000
556,20180214,10,68,39.2742498255,28.1400000000
556,20180215,4,32,42.5291160583,34.0520000000
556,20180216,4,32,42.3677252792,34.0520000000
556,20180217,4,32,42.2499736340,34.0520000000
556,20180218,4,32,42.2499736340,34.0520000000
556,20180218,10,68,38.6190836910,27.5300000000
556,20180219,4,32,41.7870455941,33.6860000000
556,20180219,10,68,38.8040890631,27.7100000000
556,20180220,4,32,41.5791844871,33.6860000000
556,20180220,10,68,39.2307853858,28.0200000000
556,20180221,4,32,41.4798579001,33.6860000000
556,20180221,10,68,39.0237781542,27.9900000000
556,20180222,4,32,41.5345823546,33.6860000000
556,20180223,4,32,41.4138185394,33.6860000000
556,20180223,10,68,39.1668996366,28.0200000000
556,20180224,4,32,41.4153460295,33.6860000000
556,20180225,4,32,41.4153460295,33.6860000000
556,20180225,10,68,39.4164356201,28.2200000000
556,20180226,4,32,41.7129603996,33.9020000000
556,20180226,10,68,38.4532175782,27.5500000000
556,20180227,4,32,41.5000336632,33.9020000000
556,20180227,10,68,39.6079521757,28.4900000000
556,20180228,4,32,41.3936252693,33.9020000000
556,20180228,10,68,37.2918275063,27.0500000000
556,20180301,4,32,41.4158751489,33.9020000000
556,20180302,4,32,41.7530312267,33.9020000000
556,20180303,4,32,41.7620320526,33.9020000000
556,20180304,4,32,41.7620320526,33.9020000000
556,20180304,10,68,38.5905808607,27.9500000000
556,20180305,4,32,41.9515023656,34.0040000000
556,20180306,4,32,42.2040324932,34.0040000000
556,20180307,4,32,41.6352084302,33.5840000000
556,20180307,10,68,39.7036460973,28.5900000000
556,20180308,4,32,41.3405139252,33.5840000000
556,20180309,4,32,41.3872313785,33.5840000000
556,20180310,4,32,41.8505618392,34.0040000000
556,20180311,4,32,41.8505618392,34.0040000000
556,20180312,4,32,41.8863903722,34.0040000000
556,20180312,10,68,39.0912058678,28.1400000000
556,20180313,4,32,42.1757654310,34.0040000000
556,20180313,10,68,39.2361232555,28.0450000000
556,20180314,4,32,42.0625545048,34.0040000000
556,20180315,4,32,41.8771051545,34.0040000000
557,20140508,4,32,57.0991304348,41.0400000000